"vCenter","Host","Name","DisplayName"
"mn011h1a1.uhc.com","mn011-1hz1-01s01.uhc.com","lcm-bundle-repo",
"mn011h1a1.uhc.com","mn011-1hz1-01s01.uhc.com","_Templates","XtremIO iSCSI Disk (naa.514f0c5e78800051)"
"mn011h1a1.uhc.com","mn011-1hz1-01s01.uhc.com","datastore1 (35)","Local HPE Disk (naa.600508b1001c06b73c1f35d21bbaae01)"
"mn011h1a1.uhc.com","mn011-1hz1-01s01.uhc.com","EMCc214-00032-mn011h1a1c06","XtremIO iSCSI Disk (naa.514f0c5c21400032)"
"mn011h1a1.uhc.com","mn011-1hz1-01s01.uhc.com","EMCc214-00033-mn011h1a1c06","XtremIO iSCSI Disk (naa.514f0c5c21400033)"
"mn011h1a1.uhc.com","mn011-1hz1-01s01.uhc.com","EMCd74c-0007a-mn011h1a1c06","XtremIO iSCSI Disk (naa.514f0c5d74c0007a)"
"mn011h1a1.uhc.com","mn011-1hz1-01s01.uhc.com","NFSdontuse",
"mn011h1a1.uhc.com","mn011-1hz1-01s01.uhc.com","lcm-bundle-repo",
"mn011h1a1.uhc.com","mn011-1hz1-01s01.uhc.com","_Templates","XtremIO iSCSI Disk (naa.514f0c5e78800051)"
"mn011h1a1.uhc.com","mn011-1hz1-01s01.uhc.com","datastore1 (35)","Local HPE Disk (naa.600508b1001c06b73c1f35d21bbaae01)"
"mn011h1a1.uhc.com","mn011-1hz1-01s01.uhc.com","EMCc214-00032-mn011h1a1c06","XtremIO iSCSI Disk (naa.514f0c5c21400032)"
"mn011h1a1.uhc.com","mn011-1hz1-01s01.uhc.com","EMCc214-00033-mn011h1a1c06","XtremIO iSCSI Disk (naa.514f0c5c21400033)"
"mn011h1a1.uhc.com","mn011-1hz1-01s01.uhc.com","EMCd74c-0007a-mn011h1a1c06","XtremIO iSCSI Disk (naa.514f0c5d74c0007a)"
"mn011h1a1.uhc.com","mn011-1hz1-01s01.uhc.com","NFSdontuse",
"mn011h1a1.uhc.com","mn011-1hz1-01s02.uhc.com","lcm-bundle-repo",
"mn011h1a1.uhc.com","mn011-1hz1-01s02.uhc.com","datastore1 (34)","Local HPE Disk (naa.600508b1001c03074f91f431743a5878)"
"mn011h1a1.uhc.com","mn011-1hz1-01s02.uhc.com","EMCc214-00032-mn011h1a1c06","XtremIO iSCSI Disk (naa.514f0c5c21400032)"
"mn011h1a1.uhc.com","mn011-1hz1-01s02.uhc.com","EMCc214-00033-mn011h1a1c06","XtremIO iSCSI Disk (naa.514f0c5c21400033)"
"mn011h1a1.uhc.com","mn011-1hz1-01s02.uhc.com","EMCd74c-0007a-mn011h1a1c06","XtremIO iSCSI Disk (naa.514f0c5d74c0007a)"
"mn011h1a1.uhc.com","mn011-1hz1-01s02.uhc.com","NFSdontuse",
"mn011h1a1.uhc.com","mn011-1hz1-02s01.uhc.com","lcm-bundle-repo",
"mn011h1a1.uhc.com","mn011-1hz1-02s01.uhc.com","_Templates","XtremIO iSCSI Disk (naa.514f0c5e78800051)"
"mn011h1a1.uhc.com","mn011-1hz1-02s01.uhc.com","datastore1 (33)","Local HPE Disk (naa.600508b1001cfa69f031afc90e2da6f2)"
"mn011h1a1.uhc.com","mn011-1hz1-02s01.uhc.com","EMCc214-00032-mn011h1a1c06","XtremIO iSCSI Disk (naa.514f0c5c21400032)"
"mn011h1a1.uhc.com","mn011-1hz1-02s01.uhc.com","EMCc214-00033-mn011h1a1c06","XtremIO iSCSI Disk (naa.514f0c5c21400033)"
"mn011h1a1.uhc.com","mn011-1hz1-02s01.uhc.com","EMCd74c-0007a-mn011h1a1c06","XtremIO iSCSI Disk (naa.514f0c5d74c0007a)"
"mn011h1a1.uhc.com","mn011-1hz1-02s01.uhc.com","NFSdontuse",
"mn011h1a1.uhc.com","mn011-1hz1-03s02.uhc.com","lcm-bundle-repo",
"mn011h1a1.uhc.com","mn011-1hz1-03s02.uhc.com","_Templates","XtremIO iSCSI Disk (naa.514f0c5e78800051)"
"mn011h1a1.uhc.com","mn011-1hz1-03s02.uhc.com","datastore1 (41)","Local HPE Disk (naa.600508b1001c95ee1bb522c655c2a4b5)"
"mn011h1a1.uhc.com","mn011-1hz1-03s02.uhc.com","EMCc214-00032-mn011h1a1c06","XtremIO iSCSI Disk (naa.514f0c5c21400032)"
"mn011h1a1.uhc.com","mn011-1hz1-03s02.uhc.com","EMCc214-00033-mn011h1a1c06","XtremIO iSCSI Disk (naa.514f0c5c21400033)"
"mn011h1a1.uhc.com","mn011-1hz1-03s02.uhc.com","EMCd74c-0007a-mn011h1a1c06","XtremIO iSCSI Disk (naa.514f0c5d74c0007a)"
"mn011h1a1.uhc.com","mn011-1hz1-03s02.uhc.com","NFSdontuse",
"mn011h1a1.uhc.com","mn011-1hz1-02s02.uhc.com","lcm-bundle-repo",
"mn011h1a1.uhc.com","mn011-1hz1-02s02.uhc.com","_Templates","XtremIO iSCSI Disk (naa.514f0c5e78800051)"
"mn011h1a1.uhc.com","mn011-1hz1-02s02.uhc.com","datastore1 (32)","Local HPE Disk (naa.600508b1001c7d3d9fa723f5a8cf26a6)"
"mn011h1a1.uhc.com","mn011-1hz1-02s02.uhc.com","EMCc214-00032-mn011h1a1c06","XtremIO iSCSI Disk (naa.514f0c5c21400032)"
"mn011h1a1.uhc.com","mn011-1hz1-02s02.uhc.com","EMCc214-00033-mn011h1a1c06","XtremIO iSCSI Disk (naa.514f0c5c21400033)"
"mn011h1a1.uhc.com","mn011-1hz1-02s02.uhc.com","EMCd74c-0007a-mn011h1a1c06","XtremIO iSCSI Disk (naa.514f0c5d74c0007a)"
"mn011h1a1.uhc.com","mn011-1hz1-02s02.uhc.com","NFSdontuse",
"mn011h1a1.uhc.com","mn011-1hz1-01s01.uhc.com","lcm-bundle-repo",
"mn011h1a1.uhc.com","mn011-1hz1-01s01.uhc.com","_Templates","XtremIO iSCSI Disk (naa.514f0c5e78800051)"
"mn011h1a1.uhc.com","mn011-1hz1-01s01.uhc.com","datastore1 (35)","Local HPE Disk (naa.600508b1001c06b73c1f35d21bbaae01)"
"mn011h1a1.uhc.com","mn011-1hz1-01s01.uhc.com","EMCc214-00032-mn011h1a1c06","XtremIO iSCSI Disk (naa.514f0c5c21400032)"
"mn011h1a1.uhc.com","mn011-1hz1-01s01.uhc.com","EMCc214-00033-mn011h1a1c06","XtremIO iSCSI Disk (naa.514f0c5c21400033)"
"mn011h1a1.uhc.com","mn011-1hz1-01s01.uhc.com","EMCd74c-0007a-mn011h1a1c06","XtremIO iSCSI Disk (naa.514f0c5d74c0007a)"
"mn011h1a1.uhc.com","mn011-1hz1-01s01.uhc.com","NFSdontuse",
"mn011h1a1.uhc.com","mn011-1hz1-01s02.uhc.com","lcm-bundle-repo",
"mn011h1a1.uhc.com","mn011-1hz1-01s02.uhc.com","datastore1 (34)","Local HPE Disk (naa.600508b1001c03074f91f431743a5878)"
"mn011h1a1.uhc.com","mn011-1hz1-01s02.uhc.com","EMCc214-00032-mn011h1a1c06","XtremIO iSCSI Disk (naa.514f0c5c21400032)"
"mn011h1a1.uhc.com","mn011-1hz1-01s02.uhc.com","EMCc214-00033-mn011h1a1c06","XtremIO iSCSI Disk (naa.514f0c5c21400033)"
"mn011h1a1.uhc.com","mn011-1hz1-01s02.uhc.com","EMCd74c-0007a-mn011h1a1c06","XtremIO iSCSI Disk (naa.514f0c5d74c0007a)"
"mn011h1a1.uhc.com","mn011-1hz1-01s02.uhc.com","NFSdontuse",
"mn011h1a1.uhc.com","mn011-1hz1-02s01.uhc.com","lcm-bundle-repo",
"mn011h1a1.uhc.com","mn011-1hz1-02s01.uhc.com","_Templates","XtremIO iSCSI Disk (naa.514f0c5e78800051)"
"mn011h1a1.uhc.com","mn011-1hz1-02s01.uhc.com","datastore1 (33)","Local HPE Disk (naa.600508b1001cfa69f031afc90e2da6f2)"
"mn011h1a1.uhc.com","mn011-1hz1-02s01.uhc.com","EMCc214-00032-mn011h1a1c06","XtremIO iSCSI Disk (naa.514f0c5c21400032)"
"mn011h1a1.uhc.com","mn011-1hz1-02s01.uhc.com","EMCc214-00033-mn011h1a1c06","XtremIO iSCSI Disk (naa.514f0c5c21400033)"
"mn011h1a1.uhc.com","mn011-1hz1-02s01.uhc.com","EMCd74c-0007a-mn011h1a1c06","XtremIO iSCSI Disk (naa.514f0c5d74c0007a)"
"mn011h1a1.uhc.com","mn011-1hz1-02s01.uhc.com","NFSdontuse",
"mn011h1a1.uhc.com","mn011-1hz1-03s02.uhc.com","lcm-bundle-repo",
"mn011h1a1.uhc.com","mn011-1hz1-03s02.uhc.com","_Templates","XtremIO iSCSI Disk (naa.514f0c5e78800051)"
"mn011h1a1.uhc.com","mn011-1hz1-03s02.uhc.com","datastore1 (41)","Local HPE Disk (naa.600508b1001c95ee1bb522c655c2a4b5)"
"mn011h1a1.uhc.com","mn011-1hz1-03s02.uhc.com","EMCc214-00032-mn011h1a1c06","XtremIO iSCSI Disk (naa.514f0c5c21400032)"
"mn011h1a1.uhc.com","mn011-1hz1-03s02.uhc.com","EMCc214-00033-mn011h1a1c06","XtremIO iSCSI Disk (naa.514f0c5c21400033)"
"mn011h1a1.uhc.com","mn011-1hz1-03s02.uhc.com","EMCd74c-0007a-mn011h1a1c06","XtremIO iSCSI Disk (naa.514f0c5d74c0007a)"
"mn011h1a1.uhc.com","mn011-1hz1-03s02.uhc.com","NFSdontuse",
"mn011h1a1.uhc.com","mn011-1hz1-02s02.uhc.com","lcm-bundle-repo",
"mn011h1a1.uhc.com","mn011-1hz1-02s02.uhc.com","_Templates","XtremIO iSCSI Disk (naa.514f0c5e78800051)"
"mn011h1a1.uhc.com","mn011-1hz1-02s02.uhc.com","datastore1 (32)","Local HPE Disk (naa.600508b1001c7d3d9fa723f5a8cf26a6)"
"mn011h1a1.uhc.com","mn011-1hz1-02s02.uhc.com","EMCc214-00032-mn011h1a1c06","XtremIO iSCSI Disk (naa.514f0c5c21400032)"
"mn011h1a1.uhc.com","mn011-1hz1-02s02.uhc.com","EMCc214-00033-mn011h1a1c06","XtremIO iSCSI Disk (naa.514f0c5c21400033)"
"mn011h1a1.uhc.com","mn011-1hz1-02s02.uhc.com","EMCd74c-0007a-mn011h1a1c06","XtremIO iSCSI Disk (naa.514f0c5d74c0007a)"
"mn011h1a1.uhc.com","mn011-1hz1-02s02.uhc.com","NFSdontuse",
"mn011h1a2.uhc.com","mn011-5hz1-06s34.uhc.com","lcm-bundle-repo",
"mn011h1a2.uhc.com","mn011-5hz1-06s34.uhc.com","datastore1 (34)","Local DELL Disk (naa.64cd98f0b36ef80025a33e96cfd97c51)"
"mn011h1a2.uhc.com","mn011-5hz1-06s34.uhc.com","EMC54c8-00072-mn011h1a2c02","XtremIO iSCSI Disk (naa.514f0c554c800072)"
"mn011h1a2.uhc.com","mn011-5hz1-06s34.uhc.com","EMC54c8-00073-mn011h1a2c02","XtremIO iSCSI Disk (naa.514f0c554c800073)"
"mn011h1a2.uhc.com","mn011-5hz1-06s34.uhc.com","EMC824a-00052-mn011h1a2c02","XtremIO iSCSI Disk (naa.514f0c5824a00052)"
"mn011h1a2.uhc.com","mn011-5hz1-06s34.uhc.com","EMC824a-00054-mn011h1a2c02","XtremIO iSCSI Disk (naa.514f0c5824a00054)"
"mn011h1a2.uhc.com","mn011-5hz1-06s34.uhc.com","EMC824a-0006c-mn011h1a2c02","XtremIO iSCSI Disk (naa.514f0c5824a0006c)"
"mn011h1a2.uhc.com","mn011-5hz1-06s34.uhc.com","EMCc214-00001-mn011h1a2c02","XtremIO iSCSI Disk (naa.514f0c5c21400001)"
"mn011h1a2.uhc.com","mn011-5hz1-06s34.uhc.com","EMCc214-00004-mn011h1a2c02","XtremIO iSCSI Disk (naa.514f0c5c21400004)"
"mn011h1a2.uhc.com","mn011-5hz1-06s34.uhc.com","EMCc214-00007-mn011h1a2c02","XtremIO iSCSI Disk (naa.514f0c5c21400007)"
"mn011h1a2.uhc.com","mn011-5hz1-06s34.uhc.com","EMCc214-00008-mn011h1a2c02","XtremIO iSCSI Disk (naa.514f0c5c21400008)"
"mn011h1a2.uhc.com","mn011-5hz1-06s34.uhc.com","EMCc214-0000c-mn011h1a2c02","XtremIO iSCSI Disk (naa.514f0c5c2140000c)"
"mn011h1a2.uhc.com","mn011-5hz1-06s34.uhc.com","EMCc214-0000d-mn011h1a2c02","XtremIO iSCSI Disk (naa.514f0c5c2140000d)"
"mn011h1a2.uhc.com","mn011-5hz1-06s34.uhc.com","EMCc214-00014-mn011h1a2c02","XtremIO iSCSI Disk (naa.514f0c5c21400014)"
"mn011h1a2.uhc.com","mn011-5hz1-06s34.uhc.com","EMCc214-0001b-mn011h1a2c02","XtremIO iSCSI Disk (naa.514f0c5c2140001b)"
"mn011h1a2.uhc.com","mn011-5hz1-06s34.uhc.com","EMCc214-00038-mn011h1a2c02","XtremIO iSCSI Disk (naa.514f0c5c21400038)"
"mn011h1a2.uhc.com","mn011-5hz1-06s34.uhc.com","EMCc214-0003c-mn011h1a2c02","XtremIO iSCSI Disk (naa.514f0c5c2140003c)"
"mn011h1a2.uhc.com","mn011-5hz1-06s34.uhc.com","EMC54c8-0008d-mn011h1a2c02","XtremIO iSCSI Disk (naa.514f0c554c80008d)"
"mn011h1a2.uhc.com","mn011-5hz1-06s34.uhc.com","EMC54c8-0008e-mn011h1a2c02","XtremIO iSCSI Disk (naa.514f0c554c80008e)"
"mn011h1a2.uhc.com","mn011-5hz1-06s34.uhc.com","EMC54c8-00090-mn011h1a2c02","XtremIO iSCSI Disk (naa.514f0c554c800090)"
"mn011h1a2.uhc.com","mn011-5hz1-06s34.uhc.com","EMC54c8-00091-mn011h1a2c02","XtremIO iSCSI Disk (naa.514f0c554c800091)"
"mn011h1a2.uhc.com","mn011-5hz1-06s34.uhc.com","NFSdontuse",
"mn011h1a2.uhc.com","mn011-5hz1-03s22.uhc.com","lcm-bundle-repo",
"mn011h1a2.uhc.com","mn011-5hz1-03s22.uhc.com","datastore1 (26)","Local DELL Disk (naa.64cd98f0b44c220025e1d288589e9b39)"
"mn011h1a2.uhc.com","mn011-5hz1-03s22.uhc.com","EMC54c8-00072-mn011h1a2c02","XtremIO iSCSI Disk (naa.514f0c554c800072)"
"mn011h1a2.uhc.com","mn011-5hz1-03s22.uhc.com","EMC54c8-00073-mn011h1a2c02","XtremIO iSCSI Disk (naa.514f0c554c800073)"
"mn011h1a2.uhc.com","mn011-5hz1-03s22.uhc.com","EMC824a-00052-mn011h1a2c02","XtremIO iSCSI Disk (naa.514f0c5824a00052)"
"mn011h1a2.uhc.com","mn011-5hz1-03s22.uhc.com","EMC824a-00054-mn011h1a2c02","XtremIO iSCSI Disk (naa.514f0c5824a00054)"
"mn011h1a2.uhc.com","mn011-5hz1-03s22.uhc.com","EMC824a-0006c-mn011h1a2c02","XtremIO iSCSI Disk (naa.514f0c5824a0006c)"
"mn011h1a2.uhc.com","mn011-5hz1-03s22.uhc.com","EMCc214-00001-mn011h1a2c02","XtremIO iSCSI Disk (naa.514f0c5c21400001)"
"mn011h1a2.uhc.com","mn011-5hz1-03s22.uhc.com","EMCc214-00004-mn011h1a2c02","XtremIO iSCSI Disk (naa.514f0c5c21400004)"
"mn011h1a2.uhc.com","mn011-5hz1-03s22.uhc.com","EMCc214-00007-mn011h1a2c02","XtremIO iSCSI Disk (naa.514f0c5c21400007)"
"mn011h1a2.uhc.com","mn011-5hz1-03s22.uhc.com","EMCc214-00008-mn011h1a2c02","XtremIO iSCSI Disk (naa.514f0c5c21400008)"
"mn011h1a2.uhc.com","mn011-5hz1-03s22.uhc.com","EMCc214-0000c-mn011h1a2c02","XtremIO iSCSI Disk (naa.514f0c5c2140000c)"
"mn011h1a2.uhc.com","mn011-5hz1-03s22.uhc.com","EMCc214-0000d-mn011h1a2c02","XtremIO iSCSI Disk (naa.514f0c5c2140000d)"
"mn011h1a2.uhc.com","mn011-5hz1-03s22.uhc.com","EMCc214-00014-mn011h1a2c02","XtremIO iSCSI Disk (naa.514f0c5c21400014)"
"mn011h1a2.uhc.com","mn011-5hz1-03s22.uhc.com","EMCc214-0001b-mn011h1a2c02","XtremIO iSCSI Disk (naa.514f0c5c2140001b)"
"mn011h1a2.uhc.com","mn011-5hz1-03s22.uhc.com","EMCc214-00038-mn011h1a2c02","XtremIO iSCSI Disk (naa.514f0c5c21400038)"
"mn011h1a2.uhc.com","mn011-5hz1-03s22.uhc.com","EMCc214-0003c-mn011h1a2c02","XtremIO iSCSI Disk (naa.514f0c5c2140003c)"
"mn011h1a2.uhc.com","mn011-5hz1-03s22.uhc.com","EMC54c8-0008d-mn011h1a2c02","XtremIO iSCSI Disk (naa.514f0c554c80008d)"
"mn011h1a2.uhc.com","mn011-5hz1-03s22.uhc.com","EMC54c8-0008e-mn011h1a2c02","XtremIO iSCSI Disk (naa.514f0c554c80008e)"
"mn011h1a2.uhc.com","mn011-5hz1-03s22.uhc.com","EMC54c8-00090-mn011h1a2c02","XtremIO iSCSI Disk (naa.514f0c554c800090)"
"mn011h1a2.uhc.com","mn011-5hz1-03s22.uhc.com","EMC54c8-00091-mn011h1a2c02","XtremIO iSCSI Disk (naa.514f0c554c800091)"
"mn011h1a2.uhc.com","mn011-5hz1-03s22.uhc.com","NFSdontuse",
"mn011h1a2.uhc.com","mn011-5hz1-06s22.uhc.com","lcm-bundle-repo",
"mn011h1a2.uhc.com","mn011-5hz1-06s22.uhc.com","datastore1 (33)","Local DELL Disk (naa.64cd98f0b3fbf80025a8e6f4d0341489)"
"mn011h1a2.uhc.com","mn011-5hz1-06s22.uhc.com","EMC54c8-00072-mn011h1a2c02","XtremIO iSCSI Disk (naa.514f0c554c800072)"
"mn011h1a2.uhc.com","mn011-5hz1-06s22.uhc.com","EMC54c8-00073-mn011h1a2c02","XtremIO iSCSI Disk (naa.514f0c554c800073)"
"mn011h1a2.uhc.com","mn011-5hz1-06s22.uhc.com","EMC824a-00052-mn011h1a2c02","XtremIO iSCSI Disk (naa.514f0c5824a00052)"
"mn011h1a2.uhc.com","mn011-5hz1-06s22.uhc.com","EMC824a-00054-mn011h1a2c02","XtremIO iSCSI Disk (naa.514f0c5824a00054)"
"mn011h1a2.uhc.com","mn011-5hz1-06s22.uhc.com","EMC824a-0006c-mn011h1a2c02","XtremIO iSCSI Disk (naa.514f0c5824a0006c)"
"mn011h1a2.uhc.com","mn011-5hz1-06s22.uhc.com","EMCc214-00001-mn011h1a2c02","XtremIO iSCSI Disk (naa.514f0c5c21400001)"
"mn011h1a2.uhc.com","mn011-5hz1-06s22.uhc.com","EMCc214-00004-mn011h1a2c02","XtremIO iSCSI Disk (naa.514f0c5c21400004)"
"mn011h1a2.uhc.com","mn011-5hz1-06s22.uhc.com","EMCc214-00007-mn011h1a2c02","XtremIO iSCSI Disk (naa.514f0c5c21400007)"
"mn011h1a2.uhc.com","mn011-5hz1-06s22.uhc.com","EMCc214-00008-mn011h1a2c02","XtremIO iSCSI Disk (naa.514f0c5c21400008)"
"mn011h1a2.uhc.com","mn011-5hz1-06s22.uhc.com","EMCc214-0000c-mn011h1a2c02","XtremIO iSCSI Disk (naa.514f0c5c2140000c)"
"mn011h1a2.uhc.com","mn011-5hz1-06s22.uhc.com","EMCc214-0000d-mn011h1a2c02","XtremIO iSCSI Disk (naa.514f0c5c2140000d)"
"mn011h1a2.uhc.com","mn011-5hz1-06s22.uhc.com","EMCc214-00014-mn011h1a2c02","XtremIO iSCSI Disk (naa.514f0c5c21400014)"
"mn011h1a2.uhc.com","mn011-5hz1-06s22.uhc.com","EMCc214-0001b-mn011h1a2c02","XtremIO iSCSI Disk (naa.514f0c5c2140001b)"
"mn011h1a2.uhc.com","mn011-5hz1-06s22.uhc.com","EMCc214-00038-mn011h1a2c02","XtremIO iSCSI Disk (naa.514f0c5c21400038)"
"mn011h1a2.uhc.com","mn011-5hz1-06s22.uhc.com","EMCc214-0003c-mn011h1a2c02","XtremIO iSCSI Disk (naa.514f0c5c2140003c)"
"mn011h1a2.uhc.com","mn011-5hz1-06s22.uhc.com","EMC54c8-0008d-mn011h1a2c02","XtremIO iSCSI Disk (naa.514f0c554c80008d)"
"mn011h1a2.uhc.com","mn011-5hz1-06s22.uhc.com","EMC54c8-0008e-mn011h1a2c02","XtremIO iSCSI Disk (naa.514f0c554c80008e)"
"mn011h1a2.uhc.com","mn011-5hz1-06s22.uhc.com","EMC54c8-00090-mn011h1a2c02","XtremIO iSCSI Disk (naa.514f0c554c800090)"
"mn011h1a2.uhc.com","mn011-5hz1-06s22.uhc.com","EMC54c8-00091-mn011h1a2c02","XtremIO iSCSI Disk (naa.514f0c554c800091)"
"mn011h1a2.uhc.com","mn011-5hz1-06s22.uhc.com","NFSdontuse",
"mn011h1a2.uhc.com","mn011-5hz1-06s41.uhc.com","lcm-bundle-repo",
"mn011h1a2.uhc.com","mn011-5hz1-06s41.uhc.com","_Templates","XtremIO iSCSI Disk (naa.514f0c5e78800052)"
"mn011h1a2.uhc.com","mn011-5hz1-06s41.uhc.com","EMC54c8-00072-mn011h1a2c02","XtremIO iSCSI Disk (naa.514f0c554c800072)"
"mn011h1a2.uhc.com","mn011-5hz1-06s41.uhc.com","EMC54c8-00073-mn011h1a2c02","XtremIO iSCSI Disk (naa.514f0c554c800073)"
"mn011h1a2.uhc.com","mn011-5hz1-06s41.uhc.com","EMC824a-00052-mn011h1a2c02","XtremIO iSCSI Disk (naa.514f0c5824a00052)"
"mn011h1a2.uhc.com","mn011-5hz1-06s41.uhc.com","EMC824a-00054-mn011h1a2c02","XtremIO iSCSI Disk (naa.514f0c5824a00054)"
"mn011h1a2.uhc.com","mn011-5hz1-06s41.uhc.com","EMC824a-0006c-mn011h1a2c02","XtremIO iSCSI Disk (naa.514f0c5824a0006c)"
"mn011h1a2.uhc.com","mn011-5hz1-06s41.uhc.com","EMCc214-00001-mn011h1a2c02","XtremIO iSCSI Disk (naa.514f0c5c21400001)"
"mn011h1a2.uhc.com","mn011-5hz1-06s41.uhc.com","EMCc214-00004-mn011h1a2c02","XtremIO iSCSI Disk (naa.514f0c5c21400004)"
"mn011h1a2.uhc.com","mn011-5hz1-06s41.uhc.com","EMCc214-00007-mn011h1a2c02","XtremIO iSCSI Disk (naa.514f0c5c21400007)"
"mn011h1a2.uhc.com","mn011-5hz1-06s41.uhc.com","EMCc214-00008-mn011h1a2c02","XtremIO iSCSI Disk (naa.514f0c5c21400008)"
"mn011h1a2.uhc.com","mn011-5hz1-06s41.uhc.com","EMCc214-0000c-mn011h1a2c02","XtremIO iSCSI Disk (naa.514f0c5c2140000c)"
"mn011h1a2.uhc.com","mn011-5hz1-06s41.uhc.com","EMCc214-0000d-mn011h1a2c02","XtremIO iSCSI Disk (naa.514f0c5c2140000d)"
"mn011h1a2.uhc.com","mn011-5hz1-06s41.uhc.com","EMCc214-00014-mn011h1a2c02","XtremIO iSCSI Disk (naa.514f0c5c21400014)"
"mn011h1a2.uhc.com","mn011-5hz1-06s41.uhc.com","EMCc214-0001b-mn011h1a2c02","XtremIO iSCSI Disk (naa.514f0c5c2140001b)"
"mn011h1a2.uhc.com","mn011-5hz1-06s41.uhc.com","EMCc214-00038-mn011h1a2c02","XtremIO iSCSI Disk (naa.514f0c5c21400038)"
"mn011h1a2.uhc.com","mn011-5hz1-06s41.uhc.com","EMCc214-0003c-mn011h1a2c02","XtremIO iSCSI Disk (naa.514f0c5c2140003c)"
"mn011h1a2.uhc.com","mn011-5hz1-06s41.uhc.com","datastore1 (108)","Local DELL Disk (naa.62cea7f07390ff0028282c332ed6da3e)"
"mn011h1a2.uhc.com","mn011-5hz1-06s41.uhc.com","EMC54c8-0008d-mn011h1a2c02","XtremIO iSCSI Disk (naa.514f0c554c80008d)"
"mn011h1a2.uhc.com","mn011-5hz1-06s41.uhc.com","EMC54c8-0008e-mn011h1a2c02","XtremIO iSCSI Disk (naa.514f0c554c80008e)"
"mn011h1a2.uhc.com","mn011-5hz1-06s41.uhc.com","EMC54c8-00090-mn011h1a2c02","XtremIO iSCSI Disk (naa.514f0c554c800090)"
"mn011h1a2.uhc.com","mn011-5hz1-06s41.uhc.com","EMC54c8-00091-mn011h1a2c02","XtremIO iSCSI Disk (naa.514f0c554c800091)"
"mn011h1a2.uhc.com","mn011-5hz1-06s41.uhc.com","NFSdontuse",
"mn011h1a2.uhc.com","mn011-5hz1-04s22.uhc.com","lcm-bundle-repo",
"mn011h1a2.uhc.com","mn011-5hz1-04s22.uhc.com","_Templates","XtremIO iSCSI Disk (naa.514f0c5e78800052)"
"mn011h1a2.uhc.com","mn011-5hz1-04s22.uhc.com","EMC54c8-00072-mn011h1a2c02","XtremIO iSCSI Disk (naa.514f0c554c800072)"
"mn011h1a2.uhc.com","mn011-5hz1-04s22.uhc.com","EMC54c8-00073-mn011h1a2c02","XtremIO iSCSI Disk (naa.514f0c554c800073)"
"mn011h1a2.uhc.com","mn011-5hz1-04s22.uhc.com","EMC824a-00052-mn011h1a2c02","XtremIO iSCSI Disk (naa.514f0c5824a00052)"
"mn011h1a2.uhc.com","mn011-5hz1-04s22.uhc.com","EMC824a-00054-mn011h1a2c02","XtremIO iSCSI Disk (naa.514f0c5824a00054)"
"mn011h1a2.uhc.com","mn011-5hz1-04s22.uhc.com","EMC824a-0006c-mn011h1a2c02","XtremIO iSCSI Disk (naa.514f0c5824a0006c)"
"mn011h1a2.uhc.com","mn011-5hz1-04s22.uhc.com","EMCc214-00001-mn011h1a2c02","XtremIO iSCSI Disk (naa.514f0c5c21400001)"
"mn011h1a2.uhc.com","mn011-5hz1-04s22.uhc.com","EMCc214-00004-mn011h1a2c02","XtremIO iSCSI Disk (naa.514f0c5c21400004)"
"mn011h1a2.uhc.com","mn011-5hz1-04s22.uhc.com","EMCc214-00007-mn011h1a2c02","XtremIO iSCSI Disk (naa.514f0c5c21400007)"
"mn011h1a2.uhc.com","mn011-5hz1-04s22.uhc.com","EMCc214-00008-mn011h1a2c02","XtremIO iSCSI Disk (naa.514f0c5c21400008)"
"mn011h1a2.uhc.com","mn011-5hz1-04s22.uhc.com","EMCc214-0000c-mn011h1a2c02","XtremIO iSCSI Disk (naa.514f0c5c2140000c)"
"mn011h1a2.uhc.com","mn011-5hz1-04s22.uhc.com","EMCc214-0000d-mn011h1a2c02","XtremIO iSCSI Disk (naa.514f0c5c2140000d)"
"mn011h1a2.uhc.com","mn011-5hz1-04s22.uhc.com","EMCc214-00014-mn011h1a2c02","XtremIO iSCSI Disk (naa.514f0c5c21400014)"
"mn011h1a2.uhc.com","mn011-5hz1-04s22.uhc.com","EMCc214-0001b-mn011h1a2c02","XtremIO iSCSI Disk (naa.514f0c5c2140001b)"
"mn011h1a2.uhc.com","mn011-5hz1-04s22.uhc.com","EMCc214-00038-mn011h1a2c02","XtremIO iSCSI Disk (naa.514f0c5c21400038)"
"mn011h1a2.uhc.com","mn011-5hz1-04s22.uhc.com","EMCc214-0003c-mn011h1a2c02","XtremIO iSCSI Disk (naa.514f0c5c2140003c)"
"mn011h1a2.uhc.com","mn011-5hz1-04s22.uhc.com","datastore1 (109)","Local DELL Disk (naa.64cd98f0b3f7a000284c4af4462cc069)"
"mn011h1a2.uhc.com","mn011-5hz1-04s22.uhc.com","EMC54c8-0008d-mn011h1a2c02","XtremIO iSCSI Disk (naa.514f0c554c80008d)"
"mn011h1a2.uhc.com","mn011-5hz1-04s22.uhc.com","EMC54c8-0008e-mn011h1a2c02","XtremIO iSCSI Disk (naa.514f0c554c80008e)"
"mn011h1a2.uhc.com","mn011-5hz1-04s22.uhc.com","EMC54c8-00090-mn011h1a2c02","XtremIO iSCSI Disk (naa.514f0c554c800090)"
"mn011h1a2.uhc.com","mn011-5hz1-04s22.uhc.com","EMC54c8-00091-mn011h1a2c02","XtremIO iSCSI Disk (naa.514f0c554c800091)"
"mn011h1a2.uhc.com","mn011-5hz1-04s22.uhc.com","NFSdontuse",
