"vCenter","VM","OS","NICS","Type"
"rz001mn011v2gc.uhc.com","apsed2392","SUSE Linux Enterprise 12 (64-bit)","Network adapter 1:dvportgroup-176947","e1000"
"rz001mn011v2gc.uhc.com","apsed6284","Microsoft Windows Server 2016 or later (64-bit)","Network adapter 1:dvportgroup-133173 Network adapter 2:dvportgroup-133415","Vmxnet3"
"rz001mn011v2gc.uhc.com","apsed6284","Microsoft Windows Server 2016 or later (64-bit)","Network adapter 1:dvportgroup-133173 Network adapter 2:dvportgroup-133415","e1000e"
"rz001mn011v2gc.uhc.com","apsed6291","Microsoft Windows Server 2016 or later (64-bit)","Network adapter 1:dvportgroup-133173 Network adapter 2:dvportgroup-133206 :","Vmxnet3"
"rz001mn011v2gc.uhc.com","apsed6291","Microsoft Windows Server 2016 or later (64-bit)","Network adapter 1:dvportgroup-133173 Network adapter 2:dvportgroup-133206 :","e1000e"
