activeDirectoryAll,TRUE
bfdDP,TRUE
bridgeHA,TRUE
CIMHttpsServer,TRUE
CIMHttpServer,FALSE
CIMSLP,TRUE
clusterAgentLearnerServer,FALSE
dhcp,TRUE
DHCPv6,FALSE
dns,TRUE
DVFilter,FALSE
DVSSync,FALSE
esxupdate,FALSE
etcdClientComm,FALSE
etcdPeerComm,FALSE
faultTolerance,TRUE
ftpClient,FALSE
gdbserver,FALSE
gstored,FALSE
HBR,TRUE
httpClient,FALSE
hyperbus,FALSE
iofiltervp,TRUE
iwarp-pm,FALSE
NFC,TRUE
nfsClient,FALSE
nfs41Client,FALSE
ipfam,FALSE
nsx-mpa,TRUE
nsxMPAPI,TRUE
nsx-opsagent,TRUE
nsxOverlay,TRUE
nsxProxyRule,TRUE
nsxRMQ,FALSE
ntpClient,TRUE
nvmetcp,FALSE
ptpd,FALSE
pvrdma,FALSE
settingsd,FALSE
snmp,TRUE
sshClient,FALSE
sshServer,FALSE
syslog,TRUE
trusted-infrastructure-kmxa,TRUE
trusted-infrastructure-kmxd,FALSE
updateManager,TRUE
vdfs,FALSE
vic-engine,FALSE
vit,FALSE
remoteSerialPort,FALSE
vSPC,FALSE
vMotion,TRUE
vpxHeartbeats,TRUE
vsanhealth-unicasttest,FALSE
vShield-Endpoint-Mux,TRUE
vShield-Endpoint-Mux-Partners,FALSE
fdm,TRUE
webAccess,TRUE
vSphereClient,TRUE
vvold,FALSE
WOL,FALSE
