UserVars.ESXiShellInteractiveTimeOut,900
UserVars.ESXiShellTimeOut,900
Disk.DiskMaxIOSize,4096
Disk.SchedQuantum,64
Disk.QFullSampleSize,32
Mem.ShareForceSalting,2
Config.HostAgent.log.level,info
Config.HostAgent.plugins.solo.enableMob,FALSE
Vpx.Vpxa.config.log.level,info
UserVars.ESXiVPsDisabledProtocols,"sslv3,tlsv1,tlsv1.1"
Security.AccountLockFailures,3
Security.AccountUnlockTime,900
Net.DVFilterBindIpAddress,
Security.PasswordQualityControl,"retry=3 min=disabled,disabled,disabled,disabled,16"
UserVars.DcuiTimeOut,600
UserVars.HostClientSessionTimeout,900
Syslog.loggers.hostd.rotate,10
Syslog.loggers.hostd.size,51200
Syslog.loggers.syslog.rotate,10
Syslog.loggers.syslog.size,10240
Syslog.loggers.vmkernel.rotate,10
Syslog.loggers.vmkernel.size,2048
