DCUI,on,TRUE,Direct Console UI
TSM,off,FALSE,ESXi Shell
TSM-SSH,off,FALSE,SSH
attestd,off,FALSE,attestd
kmxd,off,FALSE,kmxd
lbtd,on,TRUE,Load-Based Teaming Daemon
lwsmd,on,TRUE,Active Directory Service
ntpd,on,TRUE,NTP Daemon
pcscd,off,FALSE,PC/SC Smart Card Daemon
ptpd,off,FALSE,PTP Daemon
sfcbd-watchdog,off,FALSE,CIM Server
slpd,on,TRUE,slpd
snmpd,off,FALSE,SNMP Server
vmware-fdm,on,TRUE,vSphere High Availability Agent
vpxa,on,TRUE,VMware vCenter Agent
xorg,off,FALSE,X.Org Server
