"Server","Status"
"WTVEP46034","Not-Installed"
"WTVEP46035","Not-Installed"
"WTVEP46036","Not-Installed"
"WTVEP46037","Not-Installed"
"WTVEP46038","Not-Installed"
"WTVEP46039","Not-Installed"
"WTVEP46040","Not-Installed"
"WTVEP46041","Not-Installed"
"WTVEP46042","Not-Installed"
"WTVEP46043","Not-Installed"
"WTVEP46066","Not-Installed"
"WTVEP46071","Not-Installed"
"WTVEP46084","Not-Installed"
"WTVEP46089","Not-Installed"
"WTVEP46098","Not-Installed"
"WTVEP46099","Not-Installed"
"WTVEP46102","Not-Installed"
"WTVEP46103","Not-Installed"
"WTVEP46105","Not-Installed"
"WTVEP46110","Not-Installed"
"WTVEP46120","Not-Installed"
"WTVEP46123","Not-Installed"
"WTVEP46134","Not-Installed"
"WTVEP46145","Not-Installed"
"WTVEP46147","Not-Installed"
"WTVEP46377","Not-Installed"
"WTVEP46378","Not-Installed"
"WTVEP46379","Not-Installed"
"WTVEP46380","Not-Installed"
"WTVEP46382","Not-Installed"
"WTVEP46384","Not-Installed"
"WTVEP46386","Not-Installed"
"WTVEP47425","Not-Installed"
"WTVEP47426","Not-Installed"
"WTVEP47427","Not-Installed"
"WTVEP47429","Not-Installed"
"WTVEP47430","Not-Installed"
"WTVEP47432","Not-Installed"
"WTVEP47433","Not-Installed"
"WTVEP47434","Not-Installed"
"WTVEP47503","Not-Installed"
"WTVEP47504","Not-Installed"
"WTVEP47505","Not-Installed"
"WTVEP47506","Not-Installed"
"WTVEP47507","Not-Installed"
"WTVEP47508","Not-Installed"
"WTVEP47509","Not-Installed"
"WTVEP47510","Not-Installed"
"WTVEP47511","Not-Installed"
"WTVEP47512","Not-Installed"
"WTVEP47594","Not-Installed"
"WTVEP47595","Not-Installed"
"WTVEP47596","Not-Installed"
"WTVEP47597","Not-Installed"
"WTVEP47598","Not-Installed"
"WTVEP47599","Not-Installed"
"WTVEP47600","Not-Installed"
"WTVEP47601","Not-Installed"
"WTVEP47602","Not-Installed"
"WTVEP47603","Not-Installed"
"WTVEP47660","Not-Installed"
"WTVEP47661","Not-Installed"
"WTVEP47662","Not-Installed"
"WTVEP47663","Not-Installed"
"WTVEP47664","Not-Installed"
"WTVEP47665","Not-Installed"
"WTVEP47666","Not-Installed"
"WTVEP47667","Not-Installed"
"WTVEP47668","Not-Installed"
"WTVEP47669","Not-Installed"
"WTVEP47670","Not-Installed"
"WTVEP47671","Not-Installed"
"WTVEP47672","Not-Installed"
"WTVEP47673","Not-Installed"
"WTVEP47674","Not-Installed"
"WTVEP47675","Not-Installed"
"WTVEP47676","Not-Installed"
"WTVEP47677","Not-Installed"
"WTVEP47679","Not-Installed"
"WTVEP47686","Not-Installed"
"WTVEP47687","Not-Installed"
"WTVEP47688","Not-Installed"
"WTVEP47689","Not-Installed"
"WTVEP47690","Not-Installed"
"WTVEP47691","Not-Installed"
"WTVEP47692","Not-Installed"
"WTVEP47693","Not-Installed"
"WTVEP47694","Not-Installed"
"WTVEP47695","Not-Installed"
"WTVEP47819","Not-Installed"
"WTVEP47820","Not-Installed"
"WTVEP47821","Not-Installed"
"WTVEP47829","Not-Installed"
"WTVEP47830","Not-Installed"
"WTVEP47831","Not-Installed"
"WTVEP47832","Not-Installed"
"WTVEP47833","Not-Installed"
"WTVEP47834","Not-Installed"
"WTVEP47835","Not-Installed"
"WTVEP47836","Not-Installed"
"WTVEP53531","Not-Installed"
"WTVEP53532","Not-Installed"
"WTVEP53533","Not-Installed"
"WTVEP53534","Not-Installed"
"WTVEP53535","Not-Installed"
"WTVEP53536","Not-Installed"
"WTVEP53537","Not-Installed"
"WTVEP53539","Not-Installed"
"WTVEP53540","Not-Installed"
"WTVEP53545","Not-Installed"
"WTVEP53546","Not-Installed"
"WTVEP53547","Not-Installed"
"WTVEP53548","Not-Installed"
"WTVEP53549","Not-Installed"
"WTVEP53550","Not-Installed"
"WTVEP53551","Not-Installed"
"WTVEP53552","Not-Installed"
"WTVEP53553","Not-Installed"
"WTVEP53554","Not-Installed"
"WTVEP53576","Not-Installed"
"WTVEP53577","Not-Installed"
"WTVEP53578","Not-Installed"
"WTVEP53579","Not-Installed"
"WTVEP53580","Not-Installed"
"WTVEP53581","Not-Installed"
"WTVEP53582","Not-Installed"
"WTVEP53583","Not-Installed"
"WTVEP53585","Not-Installed"
"WTVEP53605","Not-Installed"
"WTVEP53606","Not-Installed"
"WTVEP53608","Not-Installed"
"WTVEP53609","Not-Installed"
"WTVEP53610","Not-Installed"
"WTVEP53611","Not-Installed"
"WTVEP53613","Not-Installed"
"WTVEP53637","Not-Installed"
"WTVEP53640","Not-Installed"
"WTVEP53642","Not-Installed"
"WTVEP53644","Not-Installed"
"WTVEP53697","Not-Installed"
"WTVEP53698","Not-Installed"
"WTVEP53699","Not-Installed"
"WTVEP53700","Not-Installed"
"WTVEP53701","Not-Installed"
"WTVEP53702","Not-Installed"
"WTVEP53703","Not-Installed"
"WTVEP53704","Not-Installed"
"WTVEP53705","Not-Installed"
"WTVEP53706","Not-Installed"
"WTVEP53734","Not-Installed"
"WTVEP54584","Not-Installed"
"WTVEP54586","Not-Installed"
"WTVEP54587","Not-Installed"
"WTVEP54588","Not-Installed"
"WTVEP54589","Not-Installed"
"WTVEP54591","Not-Installed"
"WTVEP54832","Not-Installed"
"WTVEP54834","Not-Installed"
"WTVEP54835","Not-Installed"
"WTVEP55086","Not-Installed"
"WTVEP55087","Not-Installed"
"WTVEP55088","Not-Installed"
"WTVEP55089","Not-Installed"
"WTVEP55090","Not-Installed"
"WTVEP55091","Not-Installed"
"WTVEP55092","Not-Installed"
"WTVEP55093","Not-Installed"
"WTVEP55094","Not-Installed"
"WTVEP78699","Not-Installed"
"WTVEP78700","Not-Installed"
"WTVEP78702","Not-Installed"
"WTVEP78703","Not-Installed"
"WTVEP78704","Not-Installed"
"WTVEP78705","Not-Installed"
"WTVEP78706","Not-Installed"
"WTVEP78708","Not-Installed"
"WTVEP78709","Not-Installed"
"WTVEP78710","Not-Installed"
"WTVEP78711","Not-Installed"
"WTVEP78712","Not-Installed"
"WTVEP78713","Not-Installed"
"WTVEP78714","Not-Installed"
"WTVEP78715","Not-Installed"
"WTVEP78716","Not-Installed"
"WTVEP78717","Not-Installed"
"WTVEP78718","Not-Installed"
"WTVEP78719","Not-Installed"
"WTVEP78720","Not-Installed"
"WTVEP78721","Not-Installed"
"WTVEP78722","Not-Installed"
"WTVEP78723","Not-Installed"
"WTVEP78729","Not-Installed"
"WTVEP78730","Not-Installed"
"WTVEP78731","Not-Installed"
"WTVEP78732","Not-Installed"
"WTVEP78733","Not-Installed"
"WTVEP78734","Not-Installed"
"WTVEP78736","Not-Installed"
"WTVEP78739","Not-Installed"
"WTVEP78740","Not-Installed"
"WTVEP78741","Not-Installed"
"WTVEP78742","Not-Installed"
"WTVEP78743","Not-Installed"
"WTVEP78750","Not-Installed"
"WTVEP78752","Not-Installed"
"WTVEP78754","Not-Installed"
"WTVEP78766","Not-Installed"
"WTVEP78767","Not-Installed"
"WTVEP78772","Not-Installed"
"WTVEP78773","Not-Installed"
"WTVEP78775","Not-Installed"
"WTVEP78778","Not-Installed"
"WTVEP78779","Not-Installed"
"WTVEP78781","Not-Installed"
"WTVEP78787","Not-Installed"
"WTVEP78788","Not-Installed"
"WTVEP78789","Not-Installed"
"WTVEP78796","Not-Installed"
"WTVP000021184","Not-Installed"
"WTVP000021185","Not-Installed"
"WTVP000021186","Not-Installed"
"WTVP000021187","Not-Installed"
"WTVP000021188","Not-Installed"
"WTVP000021278","Not-Installed"
"WTVP000021279","Not-Installed"
"WTVP000021280","Not-Installed"
"WTVP000021281","Not-Installed"
"WTVP000021282","Not-Installed"
"WTVP000021283","Not-Installed"
"WTVP000021284","Not-Installed"
"WTVP000021285","Not-Installed"
"WTVP000021286","Not-Installed"
"WTVP000021287","Not-Installed"
"WTVP000021291","Not-Installed"
"WTVP000021294","Not-Installed"
"WTVP000021295","Not-Installed"
"WTVP000021296","Not-Installed"
"WTVP000021297","Not-Installed"
"WTVP000021299","Not-Installed"
"WTVP000021300","Not-Installed"
"WTVP000021302","Not-Installed"
"WTVP000021303","Not-Installed"
"WTVP000021304","Not-Installed"
"WTVP000021305","Not-Installed"
"WTVP000021306","Not-Installed"
"WTVP000021307","Not-Installed"
"WTVP000021308","Not-Installed"
"WTVP000021309","Not-Installed"
"WTVP000021310","Not-Installed"
"WTVP000021311","Not-Installed"
"WTVP000021315","Not-Installed"
"WTVP000021317","Not-Installed"
"WTVP000021319","Not-Installed"
"WTVP000021320","Not-Installed"
"WTVP000021321","Not-Installed"
"WTVP000021322","Not-Installed"
"WTVP000021323","Not-Installed"
"WTVP000021324","Not-Installed"
"WTVP000021325","Not-Installed"
"WTVP000021326","Not-Installed"
"WTVP000021328","Not-Installed"
"WTVP000021330","Not-Installed"
"WTVP000021331","Not-Installed"
"WTVP000021332","Not-Installed"
"WTVP000021333","Not-Installed"
"WTVP000021334","Not-Installed"
"WTVP000021337","Not-Installed"
"WTVP000021340","Not-Installed"
"WTVP000021347","Not-Installed"
"WTVP000021348","Not-Installed"
"WTVP000021349","Not-Installed"
"WTVP000021351","Not-Installed"
"WTVP000021355","Not-Installed"
"WTVP000021357","Not-Installed"
"WTVP000021358","Not-Installed"
"WTVP000021359","Not-Installed"
"WTVP000021360","Not-Installed"
"WTVP000021366","Not-Installed"
"WTVP000021367","Not-Installed"
"WTVP000021368","Not-Installed"
"WTVP000021369","Not-Installed"
"WTVP000021370","Not-Installed"
"WTVP000021371","Not-Installed"
"WTVP000021374","Not-Installed"
"WTVP000021376","Not-Installed"
"WTVP000021377","Not-Installed"
"WTVP000021384","Not-Installed"
"WTVP000021385","Not-Installed"
"WTVP000021386","Not-Installed"
"WTVP000021387","Not-Installed"
"WTVP000021388","Not-Installed"
"WTVP000021394","Not-Installed"
"WTVP000021395","Not-Installed"
"WTVP000021396","Not-Installed"
"WTVP000021397","Not-Installed"
"WTVP000021400","Not-Installed"
"WTVP000021401","Not-Installed"
"WTVP000021402","Not-Installed"
"WTVP000021403","Not-Installed"
"WTVP000021404","Not-Installed"
"WTVP000021405","Not-Installed"
"WTVP000021406","Not-Installed"
"WTVP000021410","Not-Installed"
"WTVP000021412","Not-Installed"
"WTVP000021416","Not-Installed"
"WTVP000021417","Not-Installed"
"WTVP000021418","Not-Installed"
"WTVP000021419","Not-Installed"
"WTVP000021420","Not-Installed"
"WTVP000021424","Not-Installed"
"WTVP000021425","Not-Installed"
"WTVP000021428","Not-Installed"
"WTVP000021429","Not-Installed"
"WTVP000021431","Not-Installed"
"WTVP000021432","Not-Installed"
"WTVP000021433","Not-Installed"
"WTVP000021434","Not-Installed"
"WTVP000021435","Not-Installed"
"WTVP000021440","Not-Installed"
"WTVP000021441","Not-Installed"
"WTVP000021442","Not-Installed"
"WTVP000021443","Not-Installed"
"WTVP000021446","Not-Installed"
"WTVP000021447","Not-Installed"
"WTVP000021450","Not-Installed"
"WTVP000021455","Not-Installed"
"WTVP000021456","Not-Installed"
"WTVP000021457","Not-Installed"
"WTVP000021458","Not-Installed"
"WTVP000021461","Not-Installed"
"WTVP000021462","Not-Installed"
"WTVP000021463","Not-Installed"
"WTVP000021464","Not-Installed"
"WTVP000021465","Not-Installed"
"WTVP000021467","Not-Installed"
"WTVP000021468","Not-Installed"
"WTVP000021470","Not-Installed"
"WTVP000021476","Not-Installed"
"WTVP000021477","Not-Installed"
"WTVP000021481","Not-Installed"
"WTVP000021491","Not-Installed"
"WTVP000021492","Not-Installed"
"WTVP000021493","Not-Installed"
"WTVP000021495","Not-Installed"
"WTVP000021500","Not-Installed"
"WTVP000021511","Not-Installed"
"WTVP000021513","Not-Installed"
"WTVP000021514","Not-Installed"
"WTVP000021517","Not-Installed"
"WTVP000021518","Not-Installed"
"WTVP000021525","Not-Installed"
"WTVP000021526","Not-Installed"
"WTVP000021527","Not-Installed"
"WTVP000021528","Not-Installed"
"WTVP000021529","Not-Installed"
"WTVP000021531","Not-Installed"
"WTVP000021541","Not-Installed"
"WTVP000021542","Not-Installed"
"WTVP000021543","Not-Installed"
"WTVP000021546","Not-Installed"
"WTVP000021547","Not-Installed"
"WTVP000021548","Not-Installed"
"WTVP000021549","Not-Installed"
"WTVP000021551","Not-Installed"
"WTVP000021569","Not-Installed"
"WTVP000021570","Not-Installed"
"WTVP000021573","Not-Installed"
"WTVP000021574","Not-Installed"
"WTVP000021575","Not-Installed"
"WTVP000021576","Not-Installed"
"WTVP000021577","Not-Installed"
"WTVP000021578","Not-Installed"
"WTVP000021581","Not-Installed"
"WTVP000021584","Not-Installed"
"WTVP000021585","Not-Installed"
"WTVP000021586","Not-Installed"
"WTVP000021587","Not-Installed"
"WTVP000021590","Not-Installed"
"WTVP000021591","Not-Installed"
"WTVP000021592","Not-Installed"
"WTVP000021593","Not-Installed"
"WTVP000021595","Not-Installed"
"WTVP000021596","Not-Installed"
"WTVP000021597","Not-Installed"
"WTVP000021600","Not-Installed"
"WTVP000021601","Not-Installed"
"WTVP000021602","Not-Installed"
"WTVP000021604","Not-Installed"
"WTVP000021605","Not-Installed"
"WTVP000021607","Not-Installed"
"WTVP000021609","Not-Installed"
"WTVP000021610","Not-Installed"
"WTVP000021612","Not-Installed"
"WTVP000021614","Not-Installed"
"WTVP000021615","Not-Installed"
"WTVP000021616","Not-Installed"
"WTVP000021621","Not-Installed"
"WTVP000021622","Not-Installed"
"WTVP000021623","Not-Installed"
"WTVP000021624","Not-Installed"
"WTVP000021625","Not-Installed"
"WTVP000021626","Not-Installed"
"WTVP000021627","Not-Installed"
"WTVP000021628","Not-Installed"
"WTVP000021629","Not-Installed"
"WTVP000021630","Not-Installed"
"WTVP000021631","Not-Installed"
"WTVP000021632","Not-Installed"
"WTVP000021633","Not-Installed"
"WTVP000021634","Not-Installed"
"WTVP000021635","Not-Installed"
"WTVP000021636","Not-Installed"
"WTVP000021638","Not-Installed"
"WTVP000021639","Not-Installed"
"WTVP000021640","Not-Installed"
"WTVP000021641","Not-Installed"
"WTVP000021642","Not-Installed"
"WTVP000021643","Not-Installed"
"WTVP000021644","Not-Installed"
"WTVP000021645","Not-Installed"
"WTVP000021647","Not-Installed"
"WTVP000021648","Not-Installed"
"WTVP000021649","Not-Installed"
"WTVP000021650","Not-Installed"
"WTVP000021651","Not-Installed"
"WTVP000021653","Not-Installed"
"WTVP000021654","Not-Installed"
"WTVP000021655","Not-Installed"
"WTVP000021656","Not-Installed"
"WTVP000021657","Not-Installed"
"WTVP000021658","Not-Installed"
"WTVP000021660","Not-Installed"
"WTVP000021661","Not-Installed"
"WTVP000021662","Not-Installed"
"WTVP000021663","Not-Installed"
"WTVP000021664","Not-Installed"
"WTVP000021665","Not-Installed"
"WTVP000021666","Not-Installed"
"WTVP000021667","Not-Installed"
"WTVP000021668","Not-Installed"
"WTVP000021669","Not-Installed"
"WTVP000021670","Not-Installed"
"WTVP000021671","Not-Installed"
"WTVP000021673","Not-Installed"
"WTVP000021674","Not-Installed"
"WTVP000021675","Not-Installed"
"WTVP000021676","Not-Installed"
"WTVP000021677","Not-Installed"
"WTVP000021678","Not-Installed"
"WTVP000021679","Not-Installed"
"WTVP000021680","Not-Installed"
"WTVP000021681","Not-Installed"
"WTVP000021682","Not-Installed"
"WTVP000021683","Not-Installed"
"WTVP000021684","Not-Installed"
"WTVP000021685","Not-Installed"
"WTVP000021686","Not-Installed"
"WTVP000021687","Not-Installed"
"WTVP000021688","Not-Installed"
"WTVP000021689","Not-Installed"
"WTVP000021690","Not-Installed"
"WTVP000021691","Not-Installed"
"WTVP000021692","Not-Installed"
"WTVP000021693","Not-Installed"
"WTVP000021694","Not-Installed"
"WTVP000021695","Not-Installed"
"WTVP000021696","Not-Installed"
"WTVP000021697","Not-Installed"
"WTVP000021698","Not-Installed"
"WTVP000021699","Not-Installed"
"WTVP000021700","Not-Installed"
"WTVP000021702","Not-Installed"
"WTVP000021703","Not-Installed"
"WTVP000021704","Not-Installed"
"WTVP000021705","Not-Installed"
"WTVP000021707","Not-Installed"
"WTVP000021709","Not-Installed"
"WTVP000021710","Not-Installed"
"WTVP000021711","Not-Installed"
"WTVP000021712","Not-Installed"
"WTVP000021713","Not-Installed"
"WTVP000021714","Not-Installed"
"WTVP000021715","Not-Installed"
"WTVP000021717","Not-Installed"
"WTVP000021718","Not-Installed"
"WTVP000021719","Not-Installed"
"WTVP000021721","Not-Installed"
"WTVP000021722","Not-Installed"
"WTVP000021723","Not-Installed"
"WTVP000021724","Not-Installed"
"WTVP000021727","Not-Installed"
"WTVP000021728","Not-Installed"
"WTVP000021729","Not-Installed"