vm,ask_id
aemshactcc101,UHGWM110-013473
apsep00147,UHGWM110-014078
apsep00148,UHGWM110-014078
apsep00149,UHGWM110-014078
apsep00150,UHGWM110-014078
apsep00151,UHGWM110-014078
apsep00152,UHGWM110-014078
apsep00153,UHGWM110-014078
apsep00154,UHGWM110-014078
apsep00155,UHGWM110-014078
apsep00156,UHGWM110-014078
apsep00157,UHGWM110-014078
apsep00661,UHGWM110-000063
apsep00663,UHGWM110-000063
apsep00664,UHGWM110-000063
apsep00665,UHGWM110-000063
apsep00666,UHGWM110-000063
apsep00667,UHGWM110-000063
apsep00668,UHGWM110-000063
apsep00669,UHGWM110-000063
apsep6284,None
apses5213,UHGWM110-022353
APSES5214,UHGWM110-022353
apses5215,UHGWM110-022353
apsrp7975,UHGWM110-004326
apsrp8247,UHGWM110-003432
apsrp8963,UHGWM110-021394
apsrp8964,UHGWM110-014078
asbcemgtctc11,UHGWM110-004326
asbcemgtctc12,UHGWM110-004326
asbcemgtctc13,UHGWM110-004326
asbcemgtctc31,UHGWM110-004326
haasbcemgtctc17,UHGWM110-004326
haasbcemgtctc18,UHGWM110-004326
haasbcemgtctc19,UHGWM110-004326
haasbcemgtctc20,UHGWM110-004326
haasbcemgtctc31,UHGWM110-004326
haasbcemgtctc32,UHGWM110-004326
haasbcemgtctc34,UHGWM110-004326
haasbcemgtctc35,UHGWM110-004326
haasbcemgtctc37,UHGWM110-004326
haasbcemgtctc38,UHGWM110-004326
haasbcemgtctcc1,UHGWM110-004326
v6-centos-7,NO ASK ID
v6-rhel-6,NO ASK ID
v6-rhel-7,NO ASK ID
v6-w2012-r2,NO ASK ID
v6-w2016,NO ASK ID
v6-w2019,NO ASK ID
apsep00662,UHGWM110-000063
apsep00670,UHGWM110-000063
apsep6285,None
apsep6286,None
apsep6287,None
apsep6288,None
apsep7517,UHGWM110-003035
apsep9899,UHGWM110-000063
apsep9900,UHGWM110-000063
apsep9901,UHGWM110-000063
apsep9902,UHGWM110-000063
apsep9903,UHGWM110-000063
apsep9904,UHGWM110-000063
apsep9905,UHGWM110-000063
apsep9906,UHGWM110-000063
apsep9907,UHGWM110-000063
apsep9908,UHGWM110-000063
apsep9909,UHGWM110-000063
apsep9910,UHGWM110-000063
apsep9911,UHGWM110-000063
apsep9912,UHGWM110-000063
apsep9913,UHGWM110-000063
apsep9914,UHGWM110-000063
apsep9915,UHGWM110-000063
apsep9916,UHGWM110-000063
apses5216,UHGWM110-022353
apses5217,UHGWM110-022353
apses5218,UHGWM110-022353
apsrs4315.uhc.com,NO ASK ID
asbcemgtctc14,UHGWM110-004326
asbcemgtctc15,UHGWM110-004326
asbcemgtctc16,UHGWM110-004326
asbcemgtctc17,UHGWM110-004326
asbcemgtctc18,UHGWM110-004326
asbcemgtctc36,UHGWM110-004326
asbcemgtctcc1,UHGWM110-004326
etlrs0016,UHGWM110-011280
haasbcemgtctc15,UHGWM110-004326
haasbcemgtctc16,UHGWM110-004326
haasbcemgtctc30,UHGWM110-004326
haasbcemgtctc33,UHGWM110-004326
Aapsep01946_DO NOT MOVE,NO ASK ID
apsep00158,UHGWM110-014078
apsep00171,UHGWM110-014078
apsep00172,UHGWM110-014078
apsep00173,UHGWM110-014078
apsep00174,UHGWM110-014078
apsep00175,UHGWM110-014078
apsep00176,UHGWM110-014078
apsep9893,UHGWM110-000063
apsep9894,UHGWM110-000063
apsep9895,UHGWM110-000063
apsep9896,UHGWM110-000063
apsep9897,UHGWM110-000063
apsep9898,UHGWM110-000063
apsep9917,UHGWM110-000063
apsep9918,UHGWM110-000063
apses5219,UHGWM110-022353
apsrp02194,UHGWM110-017771
apsrp02200,UHGWM110-017771
apsrp02205,UHGWM110-017771
apsrp02208,UHGWM110-017771
apsrp02209,UHGWM110-017771
apsrp02210,UHGWM110-017771
apsrp02213,UHGWM110-017771
apsrp02401,UHGWM110-017771
asbcemgtctc32,UHGWM110-004326
asbcemgtctc35,UHGWM110-004326
asbcemgtctc37,UHGWM110-004326
etlrp0020,UHGWM110-017578
haasbcemgtctc11,UHGWM110-004326
haasbcemgtctc12,UHGWM110-004326
haasbcemgtctc13,UHGWM110-004326
haasbcemgtctc14,UHGWM110-004326
haasbcemgtctc36,UHGWM110-004326
aemshactc0101,UHGWM110-004326
aemshactc0401,None
aemsprictc0201,UHGWM110-004326
apsep00177,UHGWM110-014078
apsep00178,UHGWM110-014078
apsep00179,UHGWM110-014078
apsep00180,UHGWM110-014078
apsep00181,UHGWM110-014078
apsep00182,UHGWM110-014078
apsep06385,UHGWM110-003571
apsep06386,UHGWM110-003571
apsep06392,UHGWM110-003571
apsep06393,UHGWM110-003571
apsep06394,UHGWM110-003571
apsep06395,UHGWM110-003571
apses5220,UHGWM110-022353
apses5221,UHGWM110-022353
apses5222,UHGWM110-022353
apsrp03051,UHGWM110-016501
apsrp03683,UHGWM110-018344
apsrp03684,UHGWM110-018344
apsrp03685,UHGWM110-018344
apsrp03686,UHGWM110-018344
asbcemgtctc19,UHGWM110-004326
asbcemgtctc20,UHGWM110-004326
asbcemgtctc30,UHGWM110-004326
asbcemgtctc33,UHGWM110-004326
asbcemgtctc34,UHGWM110-004326
asbcemgtctc38,UHGWM110-004326
asbcemgtctcn1,None
dbsep6923,UHGWM110-003571
dbsep6925,UHGWM110-017772
dbsep6927,UHGWM110-003571
haasbcemgtctcn1,None
v6-rhel-7-ose,NO ASK ID
aemsprielr0401,None
apsep00135,UHGWM110-014078
apsep00136,UHGWM110-014078
apsep00137,UHGWM110-014078
apsep00138,UHGWM110-014078
apsep00139,UHGWM110-014078
apsep00140,UHGWM110-014078
apsep00141,UHGWM110-014078
apsep00142,UHGWM110-014078
apsep00143,UHGWM110-014078
apsep00144,UHGWM110-014078
apsep00145,UHGWM110-014078
apsep00146,UHGWM110-014078
apsep00159,UHGWM110-014078
apsep9920,UHGWM110-000063
apsep9921,UHGWM110-000063
apsep9922,UHGWM110-000063
apsep9923,UHGWM110-000063
apsep9924,UHGWM110-000063
apsrd6117,UHGWM110-017886
apsrd6118,UHGWM110-016630
apsrp03676,None
apsrp03677,None
apsrp8246,UHGWM110-003432
asbcemgtelr02,UHGWM110-004326
asbcemgtelr05,UHGWM110-004326
asbcemgtelr07,UHGWM110-004326
asbcemgtelr10,UHGWM110-004326
asbcemgtelr21,UHGWM110-004326
asbcemgtelr23,UHGWM110-004326
asbcemgtelr24,UHGWM110-004326
asbcemgtelr25,UHGWM110-004326
asbcemgtelr28,UHGWM110-004326
haasbcemgtelr01,UHGWM110-004326
haasbcemgtelr03,UHGWM110-004326
haasbcemgtelr04,UHGWM110-004326
haasbcemgtelr08,UHGWM110-004326
haasbcemgtelr26,UHGWM110-004326
haasbcemgtelrc1,UHGWM110-004326
v6-centos-7,NO ASK ID
v6-rhel-6,NO ASK ID
v6-rhel-7,NO ASK ID
v6-rhel-7-ose,NO ASK ID
v6-w2012-r2,NO ASK ID
v6-w2016,NO ASK ID
v6-w2019,NO ASK ID
aemsprielrc101,UHGWM110-013473
apsep00651,UHGWM110-000063
apsep04825,None
apsep7516,UHGWM110-003035
apsep9925,UHGWM110-000063
apsep9926,UHGWM110-000063
apsep9927,UHGWM110-000063
apsep9928,UHGWM110-000063
apsep9929,UHGWM110-000063
apsep9930,UHGWM110-000063
apsep9931,UHGWM110-000063
apsep9932,UHGWM110-000063
apsep9933,UHGWM110-000063
apsep9934,UHGWM110-000063
apsep9935,UHGWM110-000063
apsep9936,UHGWM110-000063
apsep9937,UHGWM110-000063
apsep9938,UHGWM110-000063
apsep9939,UHGWM110-000063
apsep9940,UHGWM110-000063
apsep9941,UHGWM110-000063
apses3394,None
apses3395,None
apses5206,UHGWM110-022353
apses5207,UHGWM110-022353
apses5208,UHGWM110-022353
apses5209,UHGWM110-022353
apses5210,UHGWM110-022353
apses5212,UHGWM110-022353
apsrp03048,UHGWM110-016501
apsrp03674,None
apsrs4314,UHGWM110-003432
asbcemgtelr04,UHGWM110-004326
asbcemgtelr06,UHGWM110-004326
asbcemgtelr08,UHGWM110-004326
asbcemgtelr09,UHGWM110-004326
asbcemgtelr22,UHGWM110-004326
asbcemgtelrc1,UHGWM110-004326
haasbcemgtelr07,UHGWM110-004326
haasbcemgtelr23,UHGWM110-004326
haasbcemgtelr24,UHGWM110-004326
haasbcemgtelr28,UHGWM110-004326
v4-w2k3-x32-ent-sp2-r2 (1),NO ASK ID
v4-w2k3-x64-ent-sp2-r2 (1),NO ASK ID
v5-rhel-5 (1),NO ASK ID
apsep00160,UHGWM110-014078
apsep00161,UHGWM110-014078
apsep00162,UHGWM110-014078
apsep00163,UHGWM110-014078
apsep00164,UHGWM110-014078
apsep00165,UHGWM110-014078
apsep00166,UHGWM110-014078
apsep00167,UHGWM110-014078
apsep00168,UHGWM110-014078
apsep00652,UHGWM110-000063
apsep9944,UHGWM110-000063
apsep9945,UHGWM110-000063
apsep9946,None
apses5205,UHGWM110-022353
apses5211,UHGWM110-022353
apsrp02169,UHGWM110-017771
apsrp02171,UHGWM110-017771
apsrp02177,UHGWM110-017771
apsrp02179,UHGWM110-017771
apsrp02184,UHGWM110-017771
apsrp02185,UHGWM110-017771
apsrp02187,UHGWM110-017771
apsrp02404,UHGWM110-017771
apsrp8961,UHGWM110-000063
apsrp8962,UHGWM110-021394
asbcemgtelr01,UHGWM110-004326
asbcemgtelr26,UHGWM110-004326
asbcemgtelr27,UHGWM110-004326
asbcemgtelr29,UHGWM110-004326
dbsep3304,UHGWM110-014078
dbsep3305,UHGWM110-014078
etlrp0015,UHGWM110-000420
haasbcemgtelr02,UHGWM110-004326
haasbcemgtelr06,UHGWM110-004326
haasbcemgtelr22,UHGWM110-004326
haasbcemgtelr25,UHGWM110-004326
aemshaelr0201,UHGWM110-004326
aemsprielr0101,UHGWM110-004326
aemsprielr0301,None
apsep00169,UHGWM110-014078
apsep00170,UHGWM110-014078
apsep00653,UHGWM110-000063
apsep00654,UHGWM110-000063
apsep00655,UHGWM110-000063
apsep00656,UHGWM110-000063
apsep00657,UHGWM110-000063
apsep00658,UHGWM110-000063
apsep00659,UHGWM110-000063
apsep00660,UHGWM110-000063
apsep06384,UHGWM110-003571
apsep06387,UHGWM110-003571
apsep06388,UHGWM110-003571
apsep06389,UHGWM110-003571
apsep06390,UHGWM110-003571
apsep06391,UHGWM110-003571
apsep9942,UHGWM110-000063
apsep9943,UHGWM110-000063
apsrp03675,None
asbcemgtelr03,UHGWM110-004326
asbcemgtelrn1,None
dbsep3585,UHGWM110-023746
dbsep6922,UHGWM110-003571
dbsep6924,UHGWM110-003571
dbsep6926,UHGWM110-003571
haasbcemgtelr05,UHGWM110-004326
haasbcemgtelr09,UHGWM110-004326
haasbcemgtelr10,UHGWM110-004326
haasbcemgtelr21,UHGWM110-004326
haasbcemgtelr27,UHGWM110-004326
haasbcemgtelr29,UHGWM110-004326
haasbcemgtelrn1,None
aemshactcs101,None
aesmn011vn0201,None
aesmn011vn0202,None
aesmn011vn0203,None
aesmn011vn0204,UHGWM110-017603
aesmn011vn0205,UHGWM110-017603
aesmn011vn0304,UHGWM110-004326
aesmn011vn0401,UHGWM110-004326
aesmn011vn0403,UHGWM110-004326
aesmn011vn0404,UHGWM110-004326
aesmn011vn1101,None
aesmn011vn1102,None
aesmn011vn1104,None
aesmn011vn1105,None
aesmn011vn1401,UHGWM110-004326
aesmn011vn1402,UHGWM110-004326
aesmn011vn1403,UHGWM110-004326
aesmn011vn1502,UHGWM110-004326
aesmn011vn1503,UHGWM110-004326
aesmn011vn1504,UHGWM110-004326
aesmn011vn1505,UHGWM110-004326
apsep01059,None
apsep01060,None
apsep01061,None
apsep01062,None
apsep01090,None
apsep01091,None
apsep01092,None
apsep01093,None
apsep01094,None
apsep01095,None
apsep01096,None
apsep01097,None
apsep01098,None
apsep01099,None
apsep01100,None
apsep01101,None
apsep01102,None
apsep01103,None
apsep01104,None
apsep01105,None
apsep01106,None
apsep01107,None
apsep01108,None
apsep01346,UHGWM110-017149
apsep01347,UHGWM110-017149
apsep02099,UHGWM110-022353
apsep02104,UHGWM110-022353
apsep02105,UHGWM110-022353
apsep02106,UHGWM110-022353
apsep02107,UHGWM110-022353
apsep02318,UHGWM110-022353
apsep02648,UHGWM110-017774
apsep02649,UHGWM110-017774
apsep02650,UHGWM110-017774
apsep02896,UHGWM110-014078
apsep02897,UHGWM110-014078
apsep02898,UHGWM110-014078
apsep02899,UHGWM110-014078
apsep02900,UHGWM110-014078
apsep02901,UHGWM110-014078
apsep03700,UHGWM110-014078
apsep03702,UHGWM110-014078
apsep03704,UHGWM110-014078
apsep05549,UHGWM110-003571
apsep05551,UHGWM110-003571
apsep05556,UHGWM110-003571
apsep05557,UHGWM110-003571
apsep05562,UHGWM110-003571
apsrp01120,UHGWM110-014470
apsrp01121,UHGWM110-014470
apsrp01122,UHGWM110-014470
apsrp01123,UHGWM110-014470
apsrp01124,UHGWM110-014470
apsrp01125,UHGWM110-014470
apsrp01126,UHGWM110-014470
apsrp01127,UHGWM110-014470
apsrp01128,UHGWM110-014470
apsrp01129,UHGWM110-014470
apsrp02191,UHGWM110-017771
apsrp02196,UHGWM110-017771
apsrp02199,UHGWM110-017771
apsrp02203,UHGWM110-017771
apsrp02207,UHGWM110-017771
apsrp02211,UHGWM110-017771
apsrp02212,UHGWM110-017771
apsrp02399,UHGWM110-017771
apsrp02735,UHGWM110-017315
apsrp02736,UHGWM110-017315
apsrp02737,UHGWM110-017315
apsrp02738,UHGWM110-017541
apsrp02739,UHGWM110-017315
apsrp02795,UHGWM110-017315
apsrp02796,UHGWM110-017315
apsrp03053,UHGWM110-016501
apsrp07278,UHGWM110-022253
apsrp07280,UHGWM110-022253
apsrp07437,UHGWM110-022253
apsrp07994,UHGWM110-016501
apsrp07995,UHGWM110-016501
apsrp07996,UHGWM110-016501
apsrp08077,UHGWM110-017771
apsrp08078,UHGWM110-017771
apsrp08079,UHGWM110-017771
apsrp08080,UHGWM110-017771
apsrp08081,UHGWM110-017771
apsrp08082,UHGWM110-017771
apsrp08083,UHGWM110-017771
apsrp08084,UHGWM110-017771
apsrp08085,UHGWM110-017771
apsrp08086,UHGWM110-017771
apsrp08087,UHGWM110-017771
apsrp08088,UHGWM110-017771
apsrp08089,UHGWM110-017771
apsrp08090,UHGWM110-017771
apsrp08091,UHGWM110-017771
apsrp08092,UHGWM110-017771
apsrp08094,UHGWM110-017771
apsrp08095,UHGWM110-017771
apsrp08096,UHGWM110-017771
apsrp08097,UHGWM110-017771
apsrp08098,UHGWM110-017771
apsrp08099,UHGWM110-017771
apsrp08100,UHGWM110-017771
apsrp08101,UHGWM110-017771
apsrp08102,UHGWM110-017771
apsrp09194,UHGWM110-021726
apsrp09195,UHGWM110-021726
apsrp09768,UHGWM110-017771
apsrp09773,UHGWM110-017771
apsrp09777,UHGWM110-017771
apsrp09782,UHGWM110-017771
apsrs6413,UHGWM110-017771
apsrs6414,UHGWM110-017771
apsrs6415,UHGWM110-017771
apsrs6416,UHGWM110-017771
apsrs6417,UHGWM110-017771
apsrs6418,UHGWM110-017771
apsrs6419,UHGWM110-017771
apsrs6420,UHGWM110-022253
apsrs6421,UHGWM110-022253
apsrs6422,UHGWM110-017771
apsrs6423,UHGWM110-017771
apsrs8588,UHGWM110-017607
apsrs8590,UHGWM110-022253
apsrs8601,UHGWM110-022253
asbcemgtctcs1,None
dbsrs2169,None
etlrp0022,UHGWM110-017578
etlrp0024,UHGWM110-017578
etlrs0018,UHGWM110-017578
haasbcemgtctcs1,None
pbxmn011vn0202,UHGWM110-003432
pbxmn011vn0401,UHGWM110-004326
pbxmn011vn1101,None
pbxmn011vn1102,None
pbxmn011vn1402,None
pbxmn011vn1501,UHGWM110-004326
pbxmn011vn1502,UHGWM110-004326
smmn011v01,None
smmn011v02,None
SOA-CTC-CM,None
SOA-CTC-CM2,None
SOA-CTC-LDA,None
SOA-CTC-LDA3,None
SOA-CTC-LDA4,None
aesmn053vn0404,UHGWM110-004326
aesmn053vn0901,UHGWM110-004326
aesmn053vn0902,UHGWM110-004326
aesmn053vn0903,UHGWM110-004326
aesmn053vn1601,None
aesmn053vn1602,None
aesmn053vn1604,None
aesmn053vn2202,None
aesmn053vn2203,None
apsep01024,None
apsep01025,None
apsep01026,None
apsep01027,None
apsep05505,UHGWM110-003571
apsep05509,UHGWM110-003571
apsep05514,UHGWM110-003571
apsep05517,UHGWM110-003571
apsep05525,UHGWM110-003571
apsep05526,UHGWM110-003571
apsep3695,None
apsep3696,None
apsep3697,None
apsep3698,None
apsep3699,None
apsep3700,None
apsep3701,None
apsep3702,None
apsep3703,None
apsep3704,None
apsep3705,None
apsep3856,None
apsep3857,None
apsep3858,None
apsep4583,UHGWM110-003035
apsep4584,UHGWM110-003035
apsep4585,UHGWM110-003035
apsep4586,UHGWM110-003035
apsep4587,UHGWM110-003035
apsep6385,UHGWM110-003035
apsep6386,UHGWM110-003035
apsep6387,UHGWM110-003035
apsep6388,UHGWM110-003035
apsep6389,UHGWM110-003035
apsep6610,None
apsep6613,None
apsep6614,None
apsep6615,None
apsep6616,None
apsep8772,UHGWM110-003035
apsep8773,None
apsep9003,None
apsep9004,None
apsep9005,None
apsep9006,None
apses2526,UHGWM110-003035
apses2527,UHGWM110-003035
apses2528,UHGWM110-003035
apses2529,UHGWM110-003035
apses2878,None
apses2879,None
apses2880,None
apses2882,None
apses3151,UHGWM110-003035
apses3152,UHGWM110-003035
apses3153,UHGWM110-003035
apses3154,UHGWM110-003035
apses3959,UHGWM110-003035
apses4035,None
apsrp00355,UHGWM110-016931
apsrp05574,UHGWM110-022404
apsrp05575,UHGWM110-022404
apsrp09744,UHGWM110-017771
apsrp09747,UHGWM110-017771
apsrp09749,UHGWM110-017771
apsrp09761,UHGWM110-017771
apsrp09836,UHGWM110-022253
apsrp2765,UHGWM110-013549
apsrp2766,UHGWM110-013549
apsrp2767,UHGWM110-013549
apsrp2769,UHGWM110-013549
apsrp2770,UHGWM110-013549
apsrp2771,UHGWM110-013549
apsrp2772,UHGWM110-013549
apsrp2783,UHGWM110-013549
apsrp2784,UHGWM110-013549
apsrp2785,UHGWM110-013549
apsrp2786,UHGWM110-013549
apsrp2787,UHGWM110-013549
apsrp2788,UHGWM110-013549
apsrp2789,UHGWM110-013549
apsrp2790,UHGWM110-013549
apsrp2791,UHGWM110-013549
apsrp2792,UHGWM110-013549
apsrp3472,UHGWM110-014939
apsrp3473,UHGWM110-014939
apsrp3693,UHGWM110-017804
apsrp7448,UHGWM110-017886
apsrp7449,None
apsrp7450,UHGWM110-016630
apsrp7451,None
apsrp7858,UHGWM110-013549
apsrp7859,UHGWM110-013549
apsrs2168,None
apsrs2177,None
apsrs2178,None
apsrs2358,UHGWM110-017804
apsrs2359,UHGWM110-017804
apsrs7581,UHGWM110-017771
apsrs7582,UHGWM110-017771
apsrs7583,UHGWM110-017771
apsrs7584,UHGWM110-017771
apsrs7669,UHGWM110-022404
apsrs7670,UHGWM110-022404
dbsep6205,UHGWM110-003571
pbxmn053vn0501,None
pbxmn053vn0902,UHGWM110-004326
smelr03vm,None
v6-centos-7,NO ASK ID
v6-rhel-6,NO ASK ID
v6-rhel-7,NO ASK ID
v6-rhel-7-ose,NO ASK ID
v6-w2012-r2,NO ASK ID
v6-w2016,NO ASK ID
v6-w2019,NO ASK ID
aemsprielrs101,None
aeselrv01stg01,UHGWM110-004326
aeselrv01stg05,UHGWM110-017603
aesmn053vn0501,None
aesmn053vn0502,None
aesmn053vn0503,None
aesmn053vn0504,None
aesmn053vn0505,None
aesmn053vn0507,None
aesmn053vn0508,None
aesmn053vn0801,None
aesmn053vn0802,None
aesmn053vn0803,None
aesmn053vn0804,None
aesmn053vn0805,None
aesmn053vn0904,UHGWM110-004326
aesmn053vn0905,UHGWM110-004326
aesmn053vn1603,None
aesmn053vn1801,None
aesmn053vn1802,None
aesmn053vn1803,None
aesmn053vn1804,None
aesmn053vn1805,None
aesmn053vn2201,None
aesmn053vn2204,None
aesmn053vn2205,None
apsed6527,None
apsep01067,None
apsep01068,None
apsep01069,None
apsep01070,None
apsep01120,None
apsep01121,None
apsep01122,None
apsep01123,None
apsep01124,None
apsep01125,None
apsep01126,None
apsep01127,None
apsep01128,None
apsep01129,None
apsep01130,None
apsep01131,None
apsep01132,None
apsep01133,None
apsep01134,None
apsep01135,None
apsep01136,None
apsep01137,None
apsep01138,None
apsep01139,None
apsep01140,None
apsep01141,None
apsep01142,None
apsep01143,None
apsep01144,None
apsep01145,None
apsep01146,None
apsep01147,None
apsep01148,None
apsep01149,None
apsep01150,None
apsep01151,None
apsep02109,UHGWM110-022353
apsep02114,UHGWM110-022353
apsep02115,UHGWM110-022353
apsep02116,UHGWM110-022353
apsep02117,UHGWM110-022353
apsep02321,UHGWM110-022353
apsep02643,UHGWM110-017774
apsep02644,UHGWM110-017774
apsep02645,UHGWM110-017774
apsep02902,UHGWM110-014078
apsep02903,UHGWM110-014078
apsep02904,UHGWM110-014078
apsep02905,UHGWM110-014078
apsep02906,UHGWM110-014078
apsep02907,UHGWM110-014078
apsep03706,UHGWM110-014078
apsep03708,UHGWM110-014078
apsep03710,UHGWM110-014078
apsep05512,UHGWM110-003571
apsep05516,UHGWM110-003571
apsep05523,UHGWM110-003571
apsep05527,UHGWM110-003571
apsep06408,UHGWM110-003571
apses4809,UHGWM110-017149
apses4810,UHGWM110-017149
apsrp01037,UHGWM110-017315
apsrp01478,UHGWM110-014470
apsrp01479,UHGWM110-014470
apsrp01480,UHGWM110-014470
apsrp01481,UHGWM110-014470
apsrp01482,UHGWM110-014470
apsrp01483,UHGWM110-014470
apsrp01484,UHGWM110-014470
apsrp01485,UHGWM110-014470
apsrp01486,UHGWM110-014470
apsrp01487,UHGWM110-014470
apsrp02168,UHGWM110-017771
apsrp02170,UHGWM110-017771
apsrp02172,UHGWM110-017771
apsrp02174,UHGWM110-017771
apsrp02176,UHGWM110-017771
apsrp02180,UHGWM110-017771
apsrp02182,UHGWM110-017771
apsrp02183,UHGWM110-017771
apsrp02186,UHGWM110-017771
apsrp02188,UHGWM110-017771
apsrp02402,UHGWM110-017771
apsrp02730,UHGWM110-017315
apsrp02731,UHGWM110-017315
apsrp02732,UHGWM110-017315
apsrp02733,UHGWM110-017315
apsrp02734,UHGWM110-017315
apsrp02793,UHGWM110-017315
apsrp02794,UHGWM110-017315
apsrp03050,UHGWM110-016501
apsrp03270,UHGWM110-014470
apsrp03271,UHGWM110-014470
apsrp07274,UHGWM110-022253
apsrp07276,UHGWM110-022253
apsrp07435,UHGWM110-022253
apsrp07991,UHGWM110-016501
apsrp07992,UHGWM110-016501
apsrp07993,UHGWM110-016501
apsrp08049,UHGWM110-017771
apsrp08050,UHGWM110-017771
apsrp08051,UHGWM110-017771
apsrp08052,UHGWM110-017771
apsrp08053,UHGWM110-017771
apsrp08054,UHGWM110-017771
apsrp08055,UHGWM110-017771
apsrp08056,None
apsrp08057,UHGWM110-017771
apsrp08058,UHGWM110-017771
apsrp08059,UHGWM110-017771
apsrp08060,UHGWM110-017771
apsrp08061,UHGWM110-017771
apsrp08062,UHGWM110-017771
apsrp08063,UHGWM110-017771
apsrp08066,UHGWM110-017771
apsrp08067,UHGWM110-017771
apsrp08068,UHGWM110-017771
apsrp08069,UHGWM110-017771
apsrp08070,UHGWM110-017771
apsrp08071,UHGWM110-017771
apsrp08072,UHGWM110-017771
apsrp08073,UHGWM110-017771
apsrp08074,UHGWM110-017771
apsrp08824,None
apsrp08827,None
apsrp08828,None
apsrp08830,None
apsrp09212,UHGWM110-021726
apsrp09213,UHGWM110-021726
apsrp09214,UHGWM110-021726
apsrp09215,UHGWM110-021726
apsrp09216,UHGWM110-021726
apsrp09217,UHGWM110-021726
apsrp09218,UHGWM110-021726
apsrp09219,UHGWM110-021726
apsrp09722,UHGWM110-017771
apsrp09726,UHGWM110-017771
apsrp09731,UHGWM110-017771
apsrp09735,UHGWM110-017771
apsrp09740,UHGWM110-017771
apsrp9075,UHGWM110-017315
apsrs6426,UHGWM110-017771
apsrs6427,UHGWM110-017771
apsrs6428,UHGWM110-017771
apsrs6429,UHGWM110-017771
apsrs6430,UHGWM110-017771
apsrs6431,UHGWM110-017771
apsrs6432,UHGWM110-017771
apsrs6433,UHGWM110-017771
apsrs6434,UHGWM110-017771
apsrs6435,UHGWM110-017771
apsrs6436,UHGWM110-017771
apsrs6438,UHGWM110-017771
apsrs8584,UHGWM110-017607
apsrs8586,UHGWM110-022253
apsrs8599,UHGWM110-022253
asbcemgtelrs1,None
dbsep6203,UHGWM110-003571
dbsrp2119,None
etlrp0017,UHGWM110-000420
etlrp0019,UHGWM110-017578
pbx01vstg01,UHGWM110-004326
pbx01vstg02,UHGWM110-004326
pbxmn053vn0502,None
pbxmn053vn0801,UHGWM110-003432
pbxmn053vn0802,None
pbxmn053vn0901,UHGWM110-004326
pbxmn053vn1601,UHGWM110-004326
pbxmn053vn1602,UHGWM110-004326
pbxmn053vn1801,None
pbxmn053vn1802,None
pbxmn053vn2201,UHGWM110-003432
pbxmn053vn2202,UHGWM110-004326
smmn053v01,None
smmn053v02,None
SOA-ELR-GDA,None
aesmn011vess01,UHGWM110-004326
aesmn011vn1701,UHGWM110-004326
aesmn011vn1702,UHGWM110-004326
aesmn011vn1703,UHGWM110-004326
aesmn011vn1704,UHGWM110-004326
aesmn011vn1705,UHGWM110-004326
aesmn011vn1901,None
aesmn011vn1902,None
aesmn011vn1903,None
aesmn011vn1904,None
aesmn011vn1905,None
aesmn011vn1907,UHGWM110-021350
apsep00947,UHGWM110-000063
apsep00948,UHGWM110-000063
apsep00949,UHGWM110-000063
apsep00950,UHGWM110-000063
apsep00951,UHGWM110-000063
apsep00952,UHGWM110-000063
apsep00953,UHGWM110-000063
apsep00954,UHGWM110-000063
apsep00955,UHGWM110-000063
apsep00956,UHGWM110-000063
apsep00957,UHGWM110-000063
apsep00958,UHGWM110-000063
apsep00959,UHGWM110-000063
apsep00960,UHGWM110-000063
apsep00961,UHGWM110-000063
apsep00962,UHGWM110-000063
apsep00963,UHGWM110-000063
apsep00964,UHGWM110-000063
apsep00965,UHGWM110-000063
apsep01055,None
apsep01056,None
apsep01057,None
apsep01058,None
apsep01071,None
apsep01072,None
apsep01073,None
apsep01074,None
apsep01075,None
apsep01076,None
apsep01077,None
apsep01078,None
apsep01079,None
apsep01080,None
apsep01081,None
apsep01082,None
apsep01083,None
apsep01084,None
apsep01085,None
apsep01086,None
apsep01087,None
apsep01088,None
apsep01089,None
apsep01800,None
apsep02098,UHGWM110-022353
apsep02100,UHGWM110-022353
apsep02101,UHGWM110-022353
apsep02102,UHGWM110-022353
apsep02103,UHGWM110-022353
apsep02317,UHGWM110-022353
apsep02646,UHGWM110-017774
apsep02647,UHGWM110-017774
apsep02811,UHGWM110-017774
apsep03699,UHGWM110-014078
apsep03701,UHGWM110-014078
apsep03703,UHGWM110-014078
apsep05559,UHGWM110-003571
apsep05608,UHGWM110-003571
apset4586,UHGWM110-002952
apsrp00566,UHGWM110-003432
apsrp00567,UHGWM110-003432
apsrp00570,None
apsrp00970,UHGWM110-017541
apsrp00972,UHGWM110-017541
apsrp00973,UHGWM110-017315
apsrp00974,UHGWM110-017541
apsrp00975,UHGWM110-017315
apsrp01110,UHGWM110-014470
apsrp01111,UHGWM110-014470
apsrp01112,UHGWM110-014470
apsrp01113,UHGWM110-014470
apsrp01114,UHGWM110-014470
apsrp01115,UHGWM110-014470
apsrp01116,UHGWM110-014470
apsrp01117,UHGWM110-014470
apsrp01118,UHGWM110-014470
apsrp01119,UHGWM110-014470
apsrp01443,UHGWM110-014470
apsrp01444,UHGWM110-014470
apsrp01447,UHGWM110-014470
apsrp01448,UHGWM110-014470
apsrp02192,UHGWM110-017771
apsrp02195,UHGWM110-017771
apsrp02197,UHGWM110-017771
apsrp02201,UHGWM110-017771
apsrp02202,UHGWM110-017771
apsrp02204,UHGWM110-017771
apsrp02206,UHGWM110-017771
apsrp02400,UHGWM110-017771
apsrp02835,UHGWM110-017541
apsrp03052,UHGWM110-016501
apsrp03687,UHGWM110-018344
apsrp03688,UHGWM110-018344
apsrp03689,UHGWM110-018344
apsrp03690,UHGWM110-018344
apsrp07277,UHGWM110-022253
apsrp07279,UHGWM110-022253
apsrp07436,None
apsrp08076,UHGWM110-017771
apsrp08093,UHGWM110-017771
apsrp09188,UHGWM110-021726
apsrp09189,UHGWM110-021726
apsrp09190,UHGWM110-021726
apsrp09191,UHGWM110-021726
apsrp09192,UHGWM110-021726
apsrp09193,UHGWM110-021726
apsrp09764,UHGWM110-017771
apsrp09765,UHGWM110-017771
apsrp09769,UHGWM110-017771
apsrp09772,UHGWM110-017771
apsrp09774,UHGWM110-017771
apsrp09778,UHGWM110-017771
apsrp09783,UHGWM110-017771
apsrp09787,UHGWM110-017771
apsrp09831,UHGWM110-022253
apsrp09832,UHGWM110-022253
apsrs6402,UHGWM110-017771
apsrs6403,UHGWM110-017771
apsrs6404,UHGWM110-017771
apsrs6405,UHGWM110-017771
apsrs6406,UHGWM110-017771
apsrs6407,UHGWM110-017771
apsrs6408,UHGWM110-017771
apsrs6409,UHGWM110-017771
apsrs6410,UHGWM110-017771
apsrs6411,UHGWM110-017771
apsrs6412,UHGWM110-017771
apsrs649,NO ASK ID
apsrs8587,UHGWM110-017607
apsrs8589,UHGWM110-022253
apsrs8600,UHGWM110-022253
dbsep6209,UHGWM110-003571
etlrp0021,UHGWM110-017578
etlrp0023,UHGWM110-017578
etlrs0017,UHGWM110-017578
isemonmn011stg,UHGWM110-023138
isepanmn011stg,UHGWM110-023138
isepsnmn011stg,UHGWM110-023138
isepxgmn011stg,UHGWM110-023138
isesxpmn011stg,UHGWM110-023138
ltmmn011isetst01,None
ltmmn011isetst02,None
PBXMN011VESS03,UHGWM110-004326
pbxmn011vn1701,UHGWM110-004326
pbxmn011vn1702,UHGWM110-004326
pbxmn011vn1901,None
pbxmn011vn1902,None
aesmn053vess01,UHGWM110-004326
aesmn053vn0701,None
aesmn053vn0702,None
aesmn053vn0703,None
aesmn053vn0704,None
aesmn053vn0705,None
aesmn053vn1001,None
aesmn053vn1002,None
aesmn053vn1003,None
aesmn053vn1004,None
aesmn053vn1005,None
aesmn053vn2001,None
aesmn053vn2002,None
aesmn053vn2003,None
aesmn053vn2004,None
aesmn053vn2005,None
apsep00928,UHGWM110-000063
apsep00929,UHGWM110-000063
apsep00930,UHGWM110-000063
apsep00931,UHGWM110-000063
apsep00932,UHGWM110-000063
apsep00933,UHGWM110-000063
apsep00934,UHGWM110-000063
apsep00935,UHGWM110-000063
apsep00936,UHGWM110-000063
apsep00937,UHGWM110-000063
apsep00938,UHGWM110-000063
apsep00939,UHGWM110-000063
apsep00940,UHGWM110-000063
apsep00941,UHGWM110-000063
apsep00942,UHGWM110-000063
apsep00943,UHGWM110-000063
apsep00944,UHGWM110-000063
apsep00945,UHGWM110-000063
apsep00946,UHGWM110-000063
apsep01063,None
apsep01064,None
apsep01065,None
apsep01066,None
apsep01114,None
apsep01115,None
apsep01116,None
apsep01117,None
apsep01118,None
apsep01119,None
apsep01797,None
apsep01905,None
apsep02108,UHGWM110-022353
apsep02110,UHGWM110-022353
apsep02111,UHGWM110-022353
apsep02112,UHGWM110-022353
apsep02113,UHGWM110-022353
apsep02320,UHGWM110-022353
apsep02640,UHGWM110-017774
apsep02641,UHGWM110-017774
apsep02642,UHGWM110-017774
apsep03705,UHGWM110-014078
apsep03707,UHGWM110-014078
apsep03709,UHGWM110-014078
apsep05506,UHGWM110-003571
apsep05519,UHGWM110-003571
apsep05521,UHGWM110-003571
apsep05524,UHGWM110-003571
apsep05856,UHGWM110-014722
apses5203,UHGWM110-022353
apses5204,UHGWM110-022353
apsrp00568,UHGWM110-003432
apsrp00569,UHGWM110-003432
apsrp00989,UHGWM110-017315
apsrp00990,UHGWM110-017315
apsrp00991,UHGWM110-017541
apsrp00992,UHGWM110-017315
apsrp00993,UHGWM110-017541
apsrp01468,UHGWM110-014470
apsrp01469,UHGWM110-014470
apsrp01470,UHGWM110-014470
apsrp01471,UHGWM110-014470
apsrp01472,UHGWM110-014470
apsrp01473,UHGWM110-014470
apsrp01474,UHGWM110-014470
apsrp01475,UHGWM110-014470
apsrp01476,UHGWM110-014470
apsrp01477,UHGWM110-014470
apsrp02173,UHGWM110-017771
apsrp02175,UHGWM110-017771
apsrp02178,UHGWM110-017771
apsrp02181,UHGWM110-017771
apsrp02403,UHGWM110-017771
apsrp02836,UHGWM110-017315
apsrp02837,UHGWM110-017315
apsrp03049,UHGWM110-016501
apsrp03269,UHGWM110-014470
apsrp03272,UHGWM110-014470
apsrp03678,None
apsrp03679,None
apsrp03681,None
apsrp03682,None
apsrp07273,UHGWM110-022253
apsrp07275,UHGWM110-022253
apsrp07434,None
apsrp08047,UHGWM110-017771
apsrp08048,UHGWM110-017771
apsrp08064,UHGWM110-017771
apsrp08065,UHGWM110-017771
apsrp08803,UHGWM110-016501
apsrp08823,None
apsrp08825,None
apsrp08826,None
apsrp08829,None
apsrp09723,UHGWM110-017771
apsrp09727,UHGWM110-017771
apsrp09730,UHGWM110-017771
apsrp09732,UHGWM110-017771
apsrp09736,UHGWM110-017771
apsrp09741,UHGWM110-017771
apsrp09745,UHGWM110-017771
apsrp09837,UHGWM110-022253
apsrp09838,UHGWM110-022253
apsrs5785,UHGWM110-014470
apsrs5786,UHGWM110-014470
apsrs5787,UHGWM110-014470
apsrs6439,UHGWM110-017771
apsrs6440,UHGWM110-017771
apsrs6441,UHGWM110-017771
apsrs6442,UHGWM110-017771
apsrs6443,UHGWM110-017771
apsrs6444,UHGWM110-017771
apsrs6445,UHGWM110-022253
apsrs6446,UHGWM110-022253
apsrs6447,UHGWM110-017771
apsrs6448,UHGWM110-017771
apsrs8583,UHGWM110-017607
apsrs8585,UHGWM110-022253
apsrs8598,UHGWM110-022253
dbsep6201,UHGWM110-003571
etlrp0016,UHGWM110-000420
etlrp0018,UHGWM110-017578
isemonmn053stg,UHGWM110-023138
isepanmn053stg,UHGWM110-023138
isepsnmn053stg,UHGWM110-023138
isepxgmn053stg,UHGWM110-023138
isesxpmn053stg,UHGWM110-023138
ltmmn053isetst01,None
ltmmn053isetst02,None
pbxmn053vess04,UHGWM110-004326
pbxmn053vn0701,None
pbxmn053vn0702,None
pbxmn053vn1001,None
pbxmn053vn1002,None
pbxmn053vn2001,None
pbxmn053vn2002,None
cdnaz008c01,None
dsmep0463,UHGWM110-014991
fpsep0439,UHGWM110-006913
cdnca060c01,None
dsmep0525,UHGWM110-014991
fpsep0171,UHGWM110-018251
cdnca106c01,None
dsmep0458,UHGWM110-014991
fpsep0429,UHGWM110-006913
cdnca120c01,None
dsmep0403,UHGWM110-014991
dsmep0547,UHGWM110-014991
fpsep0432,UHGWM110-006913
uvod01NM022,NO ASK ID
uvod01NM024,NO ASK ID
v5-w2012-r2,NO ASK ID
cdnca146c01,None
cdnca152c01,None
dsmep0530,UHGWM110-014991
fpsep0027,UHGWM110-018251
cdnco008c01,None
dsmep0558,UHGWM110-014991
cdndc030c01,None
dsmep0533,UHGWM110-014991
cdnfl010c01,None
dsmep0464,UHGWM110-014991
cdnfl030c01,None
dsmep0442,UHGWM110-014991
cdnfl069c01,None
cdnil004c01,None
dsmep0532,UHGWM110-014991
cdnky001c01,None
fpsep0515,None
cdnky002c01,None
cdnma030c01,None
dsmep0516,UHGWM110-014991
uvod01MA030,NO ASK ID
cdnme007c01,None
dsmep0436,UHGWM110-014991
v6-rhel-6,NO ASK ID
v6-rhel-7,NO ASK ID
v6-w2016,NO ASK ID
cdnmi041c01,None
dsmep0724,UHGWM110-014991
v6-w2012-r2,NO ASK ID
cdnms010c01,NO ASK ID
dsmep0444,UHGWM110-014991
v4-w2k3-x32-ent-sp2-r2,NO ASK ID
v4-w2k8-x64-ent-r2sp1,NO ASK ID
cdnnh020c01,None
dsmep0468,UHGWM110-014991
fpsep0460,UHGWM110-006913
cdnnv018c01,None
dsmep0521,UHGWM110-014991
uvod01NV018,NO ASK ID
v6-w2012-r2,NO ASK ID
cdnny036c01,None
dsmep0517,UHGWM110-014991
cdnny058c01,None
dsmep0443,UHGWM110-014991
cdnny078c01,None
dsmep0514,UHGWM110-014991
cdnoh018c01,None
dsmep0519,UHGWM110-014991
cdnoh030c01,None
fpsep0459,UHGWM110-006913
cdnor015c01,None
dsmep0529,UHGWM110-014991
cdnpa062c01,None
dsmep0564,UHGWM110-014991
fpsep0458,UHGWM110-006913
uvod01FL090,NO ASK ID
cdnpa138c01,None
dsmep0440,UHGWM110-014991
v6-w2012-r2,NO ASK ID
cdnsc030c01,None
dsmep0456,UHGWM110-014991
v6-w2012-r2,NO ASK ID
cdntx034c01,None
dsmep0526,UHGWM110-014991
fpsep0441,UHGWM110-006913
cdnva040c01,None
dsmep0522,UHGWM110-014991
fpsep0321,UHGWM110-018251
dsmep0528,UHGWM110-014991
dsmep0553,UHGWM110-014991
fpsep0433,UHGWM110-006913
