﻿Name,StorageIOControlEnabled,Datacenter,vCenter
lcm-bundle-repo,FALSE,mn011h1t0d01,mn011h1t0.uhc.com
mn011h1t0-vsan01,FALSE,mn011h1t0d01,mn011h1t0.uhc.com
datastore1 (2),FALSE,mn011h1t0d01,mn011h1t0.uhc.com
datastore1 (3),FALSE,mn011h1t0d01,mn011h1t0.uhc.com
datastore1,FALSE,mn011h1t0d01,mn011h1t0.uhc.com
datastore1 (1),FALSE,mn011h1t0d01,mn011h1t0.uhc.com
vdi_share_production,FALSE,mn011h1t1-DC,mn011h1t1.uhc.com
SharedAppstack_asnas02,FALSE,mn011h1t1-DC,mn011h1t1.uhc.com
lcm-bundle-repo,FALSE,mn011h1t1-DC,mn011h1t1.uhc.com
_Templates,FALSE,mn011h1t1-DC,mn011h1t1.uhc.com
vdi_share,FALSE,mn011h1t1-DC,mn011h1t1.uhc.com
datastore1 (3),FALSE,mn011h1t1-DC,mn011h1t1.uhc.com
datastore1 (2),FALSE,mn011h1t1-DC,mn011h1t1.uhc.com
datastore1 (1),FALSE,mn011h1t1-DC,mn011h1t1.uhc.com
datastore1,FALSE,mn011h1t1-DC,mn011h1t1.uhc.com
ma-ds-52537ff6-fd0a7a04-adf8-52deda7e1510,FALSE,mn011h1t2-DC,mn011h1t2.uhc.com
datastore1,FALSE,mn011h1t2-DC,mn011h1t2.uhc.com
datastore1 (10),FALSE,mn011h1t2-DC,mn011h1t2.uhc.com
datastore1 (20),FALSE,mn011h1t2-DC,mn011h1t2.uhc.com
datastore1 (21),FALSE,mn011h1t2-DC,mn011h1t2.uhc.com
datastore1 (2),FALSE,mn011h1t2-DC,mn011h1t2.uhc.com
datastore1 (17),FALSE,mn011h1t2-DC,mn011h1t2.uhc.com
lcm-bundle-repo,FALSE,mn011h1t2-DC,mn011h1t2.uhc.com
datastore1 (14),FALSE,mn011h1t2-DC,mn011h1t2.uhc.com
ma-ds-52e3ee4e-729d72b8-5075-1cf2f374c052,FALSE,mn011h1t2-DC,mn011h1t2.uhc.com
datastore1 (19),FALSE,mn011h1t2-DC,mn011h1t2.uhc.com
datastore1 (3),FALSE,mn011h1t2-DC,mn011h1t2.uhc.com
datastore1 (8),FALSE,mn011h1t2-DC,mn011h1t2.uhc.com
datastore1 (18),FALSE,mn011h1t2-DC,mn011h1t2.uhc.com
datastore1 (13),FALSE,mn011h1t2-DC,mn011h1t2.uhc.com
datastore1 (15),FALSE,mn011h1t2-DC,mn011h1t2.uhc.com
datastore1 (16),FALSE,mn011h1t2-DC,mn011h1t2.uhc.com
datastore1 (6),FALSE,mn011h1t2-DC,mn011h1t2.uhc.com
datastore1 (7),FALSE,mn011h1t2-DC,mn011h1t2.uhc.com
datastore1 (11),FALSE,mn011h1t2-DC,mn011h1t2.uhc.com
datastore1 (9),FALSE,mn011h1t2-DC,mn011h1t2.uhc.com
datastore1 (5),FALSE,mn011h1t2-DC,mn011h1t2.uhc.com
datastore1 (4),FALSE,mn011h1t2-DC,mn011h1t2.uhc.com
datastore1 (1),FALSE,mn011h1t2-DC,mn011h1t2.uhc.com
datastore1 (12),FALSE,mn011h1t2-DC,mn011h1t2.uhc.com
datastore1 (1),FALSE,mn053h1t0d01,mn053h1t0.uhc.com
datastore1 (3),FALSE,mn053h1t0d01,mn053h1t0.uhc.com
mn053h1t0-vsan01,FALSE,mn053h1t0d01,mn053h1t0.uhc.com
datastore1 (2),FALSE,mn053h1t0d01,mn053h1t0.uhc.com
lcm-bundle-repo,FALSE,mn053h1t0d01,mn053h1t0.uhc.com
datastore1,FALSE,mn053h1t0d01,mn053h1t0.uhc.com
vdi_share_production,FALSE,mn053h1t1-DC,mn053h1t1.uhc.com
datastore1 (3),FALSE,mn053h1t1-DC,mn053h1t1.uhc.com
NFSdontuse,FALSE,mn053h1t1-DC,mn053h1t1.uhc.com
Templates,FALSE,mn053h1t1-DC,mn053h1t1.uhc.com
vdi_share,FALSE,mn053h1t1-DC,mn053h1t1.uhc.com
datastore1,FALSE,mn053h1t1-DC,mn053h1t1.uhc.com
SharedAppstack_asnas02,FALSE,mn053h1t1-DC,mn053h1t1.uhc.com
datastore1 (1),FALSE,mn053h1t1-DC,mn053h1t1.uhc.com
lcm-bundle-repo,FALSE,mn053h1t1-DC,mn053h1t1.uhc.com
datastore1 (2),FALSE,mn053h1t1-DC,mn053h1t1.uhc.com
datastore1 (8),FALSE,mn053h1t2-DC,mn053h1t2.uhc.com
datastore1 (12),FALSE,mn053h1t2-DC,mn053h1t2.uhc.com
NFSdontuse,FALSE,mn053h1t2-DC,mn053h1t2.uhc.com
datastore1 (2),FALSE,mn053h1t2-DC,mn053h1t2.uhc.com
datastore1 (9),FALSE,mn053h1t2-DC,mn053h1t2.uhc.com
datastore1 (11),FALSE,mn053h1t2-DC,mn053h1t2.uhc.com
lcm-bundle-repo,FALSE,mn053h1t2-DC,mn053h1t2.uhc.com
datastore1 (7),FALSE,mn053h1t2-DC,mn053h1t2.uhc.com
datastore1 (6),FALSE,mn053h1t2-DC,mn053h1t2.uhc.com
datastore1 (10),FALSE,mn053h1t2-DC,mn053h1t2.uhc.com
datastore1,FALSE,mn053h1t2-DC,mn053h1t2.uhc.com
Templates,FALSE,mn053h1t2-DC,mn053h1t2.uhc.com
datastore1 (4),FALSE,mn053h1t2-DC,mn053h1t2.uhc.com
datastore1 (5),FALSE,mn053h1t2-DC,mn053h1t2.uhc.com
datastore1 (3),FALSE,mn053h1t2-DC,mn053h1t2.uhc.com
datastore1 (13),FALSE,mn053h1t2-DC,mn053h1t2.uhc.com
datastore1 (1),FALSE,mn053h1t2-DC,mn053h1t2.uhc.com
EMC8e56-000a3-mn053h1t2c04,FALSE,mn053h1t2-DC,mn053h1t2.uhc.com
