"Name","StorageIOControlEnabled","Datacenter","vCenter"
"datastore1 (3)","False","mn011h1a0d01","mn011h1a0.uhc.com"
"datastore1 (1)","False","mn011h1a0d01","mn011h1a0.uhc.com"
"mn011h1a0-vsan01","False","mn011h1a0d01","mn011h1a0.uhc.com"
"lcm-bundle-repo","False","mn011h1a0d01","mn011h1a0.uhc.com"
"datastore1","False","mn011h1a0d01","mn011h1a0.uhc.com"
"datastore1 (2)","False","mn011h1a0d01","mn011h1a0.uhc.com"
"datastore1 (49)","False","mn011h1a1-DC","mn011h1a1.uhc.com"
"datastore1 (48)","False","mn011h1a1-DC","mn011h1a1.uhc.com"
"datastore1 (47)","False","mn011h1a1-DC","mn011h1a1.uhc.com"
"datastore1 (45)","False","mn011h1a1-DC","mn011h1a1.uhc.com"
"datastore1 (44)","False","mn011h1a1-DC","mn011h1a1.uhc.com"
"datastore1 (46)","False","mn011h1a1-DC","mn011h1a1.uhc.com"
"datastore1 (42)","False","mn011h1a1-DC","mn011h1a1.uhc.com"
"NFSDonotuse","False","mn011h1a1-DC","mn011h1a1.uhc.com"
"datastore1 (41)","False","mn011h1a1-DC","mn011h1a1.uhc.com"
"vdi_share_production","False","mn011h1a1-DC","mn011h1a1.uhc.com"
"datastore1 (28)","False","mn011h1a1-DC","mn011h1a1.uhc.com"
"datastore1 (19)","False","mn011h1a1-DC","mn011h1a1.uhc.com"
"_Templates","False","mn011h1a1-DC","mn011h1a1.uhc.com"
"datastore1 (13)","False","mn011h1a1-DC","mn011h1a1.uhc.com"
"datastore1 (1)","False","mn011h1a1-DC","mn011h1a1.uhc.com"
"datastore1 (22)","False","mn011h1a1-DC","mn011h1a1.uhc.com"
"SharedAppstack_asnas01","False","mn011h1a1-DC","mn011h1a1.uhc.com"
"datastore1 (18)","False","mn011h1a1-DC","mn011h1a1.uhc.com"
"datastore1 (2)","False","mn011h1a1-DC","mn011h1a1.uhc.com"
"datastore1 (17)","False","mn011h1a1-DC","mn011h1a1.uhc.com"
"datastore1 (50)","False","mn011h1a1-DC","mn011h1a1.uhc.com"
"datastore1 (5)","False","mn011h1a1-DC","mn011h1a1.uhc.com"
"datastore1 (25)","False","mn011h1a1-DC","mn011h1a1.uhc.com"
"SharedAppstack_asnas02","False","mn011h1a1-DC","mn011h1a1.uhc.com"
"datastore1 (16)","False","mn011h1a1-DC","mn011h1a1.uhc.com"
"datastore1 (43)","False","mn011h1a1-DC","mn011h1a1.uhc.com"
"datastore1 (7)","False","mn011h1a1-DC","mn011h1a1.uhc.com"
"datastore1 (24)","False","mn011h1a1-DC","mn011h1a1.uhc.com"
"datastore1 (20)","False","mn011h1a1-DC","mn011h1a1.uhc.com"
"datastore1 (6)","False","mn011h1a1-DC","mn011h1a1.uhc.com"
"datastore1 (9)","False","mn011h1a1-DC","mn011h1a1.uhc.com"
"datastore1 (12)","False","mn011h1a1-DC","mn011h1a1.uhc.com"
"datastore1 (15)","False","mn011h1a1-DC","mn011h1a1.uhc.com"
"datastore1 (27)","False","mn011h1a1-DC","mn011h1a1.uhc.com"
"datastore1 (23)","False","mn011h1a1-DC","mn011h1a1.uhc.com"
"datastore1 (10)","False","mn011h1a1-DC","mn011h1a1.uhc.com"
"datastore1 (33)","False","mn011h1a1-DC","mn011h1a1.uhc.com"
"datastore1 (4)","False","mn011h1a1-DC","mn011h1a1.uhc.com"
"datastore1 (39)","False","mn011h1a1-DC","mn011h1a1.uhc.com"
"datastore1 (8)","False","mn011h1a1-DC","mn011h1a1.uhc.com"
"datastore1 (3)","False","mn011h1a1-DC","mn011h1a1.uhc.com"
"datastore1 (26)","False","mn011h1a1-DC","mn011h1a1.uhc.com"
"datastore1 (21)","False","mn011h1a1-DC","mn011h1a1.uhc.com"
"vdi_share","False","mn011h1a1-DC","mn011h1a1.uhc.com"
"datastore1","False","mn011h1a1-DC","mn011h1a1.uhc.com"
"datastore1 (14)","False","mn011h1a1-DC","mn011h1a1.uhc.com"
"lcm-bundle-repo","False","mn011h1a1-DC","mn011h1a1.uhc.com"
"datastore1 (29)","False","mn011h1a1-DC","mn011h1a1.uhc.com"
"datastore1 (30)","False","mn011h1a1-DC","mn011h1a1.uhc.com"
"datastore1 (31)","False","mn011h1a1-DC","mn011h1a1.uhc.com"
"datastore1 (32)","False","mn011h1a1-DC","mn011h1a1.uhc.com"
"datastore1 (37)","False","mn011h1a1-DC","mn011h1a1.uhc.com"
"datastore1 (11)","False","mn011h1a1-DC","mn011h1a1.uhc.com"
"datastore1 (40)","False","mn011h1a1-DC","mn011h1a1.uhc.com"
"AppVols-EMCc214-00034-mn011h1a1c05","False","mn011h1a1-DC","mn011h1a1.uhc.com"
"datastore1 (35)","False","mn011h1a1-DC","mn011h1a1.uhc.com"
"datastore1 (34)","False","mn011h1a1-DC","mn011h1a1.uhc.com"
"datastore1 (36)","False","mn011h1a1-DC","mn011h1a1.uhc.com"
"datastore1 (38)","False","mn011h1a1-DC","mn011h1a1.uhc.com"
"EMCe788-00095-mn011h1a1c08","False","mn011h1a1-DC","mn011h1a1.uhc.com"
"EMCe788-00094-mn011h1a1c08","False","mn011h1a1-DC","mn011h1a1.uhc.com"
"EMCe788-00093-mn011h1a1c08","False","mn011h1a1-DC","mn011h1a1.uhc.com"
"EMCe788-00096-mn011h1a1c08","False","mn011h1a1-DC","mn011h1a1.uhc.com"
"datastore1 (91)","False","mn011h1a2-DC","mn011h1a2.uhc.com"
"datastore1 (81)","False","mn011h1a2-DC","mn011h1a2.uhc.com"
"datastore1 (84)","False","mn011h1a2-DC","mn011h1a2.uhc.com"
"datastore1 (62)","False","mn011h1a2-DC","mn011h1a2.uhc.com"
"datastore1 (102)","False","mn011h1a2-DC","mn011h1a2.uhc.com"
"_Templates","False","mn011h1a2-DC","mn011h1a2.uhc.com"
"datastore1 (89)","False","mn011h1a2-DC","mn011h1a2.uhc.com"
"datastore1 (108)","False","mn011h1a2-DC","mn011h1a2.uhc.com"
"datastore1 (105)","False","mn011h1a2-DC","mn011h1a2.uhc.com"
"ma-ds-52094e08-40b34282-f209-cbf101cf2fc1","False","mn011h1a2-DC","mn011h1a2.uhc.com"
"datastore1 (69)","False","mn011h1a2-DC","mn011h1a2.uhc.com"
"datastore1 (75)","False","mn011h1a2-DC","mn011h1a2.uhc.com"
"datastore1 (99)","False","mn011h1a2-DC","mn011h1a2.uhc.com"
"datastore1 (68)","False","mn011h1a2-DC","mn011h1a2.uhc.com"
"datastore1 (52)","False","mn011h1a2-DC","mn011h1a2.uhc.com"
"datastore1 (83)","False","mn011h1a2-DC","mn011h1a2.uhc.com"
"datastore1 (10)","False","mn011h1a2-DC","mn011h1a2.uhc.com"
"datastore1 (104)","False","mn011h1a2-DC","mn011h1a2.uhc.com"
"datastore1 (88)","False","mn011h1a2-DC","mn011h1a2.uhc.com"
"datastore1 (64)","False","mn011h1a2-DC","mn011h1a2.uhc.com"
"datastore1 (78)","False","mn011h1a2-DC","mn011h1a2.uhc.com"
"datastore1 (29)","False","mn011h1a2-DC","mn011h1a2.uhc.com"
"lcm-bundle-repo","False","mn011h1a2-DC","mn011h1a2.uhc.com"
"datastore1 (103)","False","mn011h1a2-DC","mn011h1a2.uhc.com"
"ma-ds-52225575-661ed883-ee84-ed5150c7431b","False","mn011h1a2-DC","mn011h1a2.uhc.com"
"datastore1 (67)","False","mn011h1a2-DC","mn011h1a2.uhc.com"
"datastore1 (55)","False","mn011h1a2-DC","mn011h1a2.uhc.com"
"datastore1 (94)","False","mn011h1a2-DC","mn011h1a2.uhc.com"
"datastore1 (87)","False","mn011h1a2-DC","mn011h1a2.uhc.com"
"ma-ds-52c79fc0-04fcc63e-74a7-a35ffccb1568","False","mn011h1a2-DC","mn011h1a2.uhc.com"
"datastore1 (93)","False","mn011h1a2-DC","mn011h1a2.uhc.com"
"datastore1 (30)","False","mn011h1a2-DC","mn011h1a2.uhc.com"
"datastore1 (86)","False","mn011h1a2-DC","mn011h1a2.uhc.com"
"datastore1 (63)","False","mn011h1a2-DC","mn011h1a2.uhc.com"
"datastore1 (4)","False","mn011h1a2-DC","mn011h1a2.uhc.com"
"ma-ds-520ccb41-9ed3476e-0bf6-914a5fd35f35","False","mn011h1a2-DC","mn011h1a2.uhc.com"
"datastore1 (72)","False","mn011h1a2-DC","mn011h1a2.uhc.com"
"datastore1 (56)","False","mn011h1a2-DC","mn011h1a2.uhc.com"
"datastore1 (14)","False","mn011h1a2-DC","mn011h1a2.uhc.com"
"datastore1 (95)","False","mn011h1a2-DC","mn011h1a2.uhc.com"
"datastore1 (32)","False","mn011h1a2-DC","mn011h1a2.uhc.com"
"datastore1 (70)","False","mn011h1a2-DC","mn011h1a2.uhc.com"
"datastore1 (97)","False","mn011h1a2-DC","mn011h1a2.uhc.com"
"datastore1 (60)","False","mn011h1a2-DC","mn011h1a2.uhc.com"
"datastore1 (98)","False","mn011h1a2-DC","mn011h1a2.uhc.com"
"datastore1 (100)","False","mn011h1a2-DC","mn011h1a2.uhc.com"
"datastore1 (107)","False","mn011h1a2-DC","mn011h1a2.uhc.com"
"datastore1 (79)","False","mn011h1a2-DC","mn011h1a2.uhc.com"
"datastore1 (7)","False","mn011h1a2-DC","mn011h1a2.uhc.com"
"datastore1 (6)","False","mn011h1a2-DC","mn011h1a2.uhc.com"
"datastore1 (21)","False","mn011h1a2-DC","mn011h1a2.uhc.com"
"datastore1 (71)","False","mn011h1a2-DC","mn011h1a2.uhc.com"
"ma-ds-52e08625-6931c177-5fbb-79da0682cb87","False","mn011h1a2-DC","mn011h1a2.uhc.com"
"datastore1 (82)","False","mn011h1a2-DC","mn011h1a2.uhc.com"
"ma-ds-529a408c-e1eb569d-93ed-38a75ae77458","False","mn011h1a2-DC","mn011h1a2.uhc.com"
"datastore1 (59)","False","mn011h1a2-DC","mn011h1a2.uhc.com"
"datastore1 (111)","False","mn011h1a2-DC","mn011h1a2.uhc.com"
"datastore1 (57)","False","mn011h1a2-DC","mn011h1a2.uhc.com"
"datastore1 (109)","False","mn011h1a2-DC","mn011h1a2.uhc.com"
"datastore1 (9)","False","mn011h1a2-DC","mn011h1a2.uhc.com"
"datastore1 (90)","False","mn011h1a2-DC","mn011h1a2.uhc.com"
"datastore1 (13)","False","mn011h1a2-DC","mn011h1a2.uhc.com"
"datastore1 (74)","False","mn011h1a2-DC","mn011h1a2.uhc.com"
"datastore1 (51)","False","mn011h1a2-DC","mn011h1a2.uhc.com"
"datastore1 (48)","False","mn011h1a2-DC","mn011h1a2.uhc.com"
"datastore1 (80)","False","mn011h1a2-DC","mn011h1a2.uhc.com"
"datastore1 (77)","False","mn011h1a2-DC","mn011h1a2.uhc.com"
"EMC824a-00047-mn011h1a2c09","False","mn011h1a2-DC","mn011h1a2.uhc.com"
"datastore1 (65)","False","mn011h1a2-DC","mn011h1a2.uhc.com"
"datastore1 (96)","False","mn011h1a2-DC","mn011h1a2.uhc.com"
"datastore1 (58)","False","mn011h1a2-DC","mn011h1a2.uhc.com"
"datastore1 (106)","False","mn011h1a2-DC","mn011h1a2.uhc.com"
"datastore1 (46)","False","mn011h1a2-DC","mn011h1a2.uhc.com"
"datastore1 (76)","False","mn011h1a2-DC","mn011h1a2.uhc.com"
"datastore1 (92)","False","mn011h1a2-DC","mn011h1a2.uhc.com"
"datastore1 (61)","False","mn011h1a2-DC","mn011h1a2.uhc.com"
"ma-ds-52b23971-b4d82500-868c-c6b6fa91ed9f","False","mn011h1a2-DC","mn011h1a2.uhc.com"
"datastore1 (110)","False","mn011h1a2-DC","mn011h1a2.uhc.com"
"datastore1 (101)","False","mn011h1a2-DC","mn011h1a2.uhc.com"
"datastore1 (66)","False","mn011h1a2-DC","mn011h1a2.uhc.com"
"datastore1 (85)","False","mn011h1a2-DC","mn011h1a2.uhc.com"
"datastore1 (73)","False","mn011h1a2-DC","mn011h1a2.uhc.com"
"EMCd74c-00081-mn011h1a2c15","False","mn011h1a2-DC","mn011h1a2.uhc.com"
"EMCd74c-00082-mn011h1a2c15","False","mn011h1a2-DC","mn011h1a2.uhc.com"
"EMCe788-00083-mn011h1a2c16","False","mn011h1a2-DC","mn011h1a2.uhc.com"
"EMCe788-00084-mn011h1a2c16","False","mn011h1a2-DC","mn011h1a2.uhc.com"
"EMCc214-00026-mn011h1a2c13","False","mn011h1a2-DC","mn011h1a2.uhc.com"
"EMCc214-00006-mn011h1a2c13","False","mn011h1a2-DC","mn011h1a2.uhc.com"
"EMCc214-00029-mn011h1a2c13","False","mn011h1a2-DC","mn011h1a2.uhc.com"
"EMCc214-00005-mn011h1a2c13","False","mn011h1a2-DC","mn011h1a2.uhc.com"
"EMCe788-00091-mn011h1a2c12","False","mn011h1a2-DC","mn011h1a2.uhc.com"
"EMCe788-00090-mn011h1a2c12","False","mn011h1a2-DC","mn011h1a2.uhc.com"
"EMC4828-0005c-mn011h1a2c12","False","mn011h1a2-DC","mn011h1a2.uhc.com"
"EMC4828-00088-mn011h1a2c12","False","mn011h1a2-DC","mn011h1a2.uhc.com"
"EMCe788-00092-mn011h1a2c12","False","mn011h1a2-DC","mn011h1a2.uhc.com"
"EMCe788-00082-mn011h1a2c12","False","mn011h1a2-DC","mn011h1a2.uhc.com"
"EMC4828-00087-mn011h1a2c12","False","mn011h1a2-DC","mn011h1a2.uhc.com"
"EMCe788-00081-mn011h1a2c12","False","mn011h1a2-DC","mn011h1a2.uhc.com"
"EMC4828-00092-mn011h1a2c12","False","mn011h1a2-DC","mn011h1a2.uhc.com"
"EMC4828-0005b-mn011h1a2c12","False","mn011h1a2-DC","mn011h1a2.uhc.com"
"EMCe788-00087-mn011h1a2c12","False","mn011h1a2-DC","mn011h1a2.uhc.com"
"EMCe788-00088-mn011h1a2c12","False","mn011h1a2-DC","mn011h1a2.uhc.com"
"EMCe788-0008f-mn011h1a2c12","False","mn011h1a2-DC","mn011h1a2.uhc.com"
"EMCe788-0008e-mn011h1a2c12","False","mn011h1a2-DC","mn011h1a2.uhc.com"
"EMC4828-00053-mn011h1a2c11","False","mn011h1a2-DC","mn011h1a2.uhc.com"
"EMC4828-00054-mn011h1a2c11","False","mn011h1a2-DC","mn011h1a2.uhc.com"
"EMCe940-000a5-mn011h1a2c17","False","mn011h1a2-DC","mn011h1a2.uhc.com"
"EMCe940-000a4-mn011h1a2c17","False","mn011h1a2-DC","mn011h1a2.uhc.com"
"EMCe940-000a2-mn011h1a2c17","False","mn011h1a2-DC","mn011h1a2.uhc.com"
"EMCe940-000a3-mn011h1a2c17","False","mn011h1a2-DC","mn011h1a2.uhc.com"
"EMCd74c-0007d-mn011h1a2c14","False","mn011h1a2-DC","mn011h1a2.uhc.com"
"EMCd74c-0007e-mn011h1a2c14","False","mn011h1a2-DC","mn011h1a2.uhc.com"
"NFSdontuse","False","mn011h1a2-DC","mn011h1a2.uhc.com"
"datastore1 (53)","False","mn011h1a2-DC","mn011h1a2.uhc.com"
"datastore1","False","mn011h1a2-DC","mn011h1a2.uhc.com"
"datastore1 (36)","False","mn011h1a2-DC","mn011h1a2.uhc.com"
"datastore1 (54)","False","mn011h1a2-DC","mn011h1a2.uhc.com"
"datastore1 (49)","False","mn011h1a2-DC","mn011h1a2.uhc.com"
"datastore1 (28)","False","mn011h1a2-DC","mn011h1a2.uhc.com"
"datastore1 (37)","False","mn011h1a2-DC","mn011h1a2.uhc.com"
"datastore1 (31)","False","mn011h1a2-DC","mn011h1a2.uhc.com"
"datastore1 (50)","False","mn011h1a2-DC","mn011h1a2.uhc.com"
"datastore1 (24)","False","mn011h1a2-DC","mn011h1a2.uhc.com"
"datastore1 (16)","False","mn011h1a2-DC","mn011h1a2.uhc.com"
"datastore1 (25)","False","mn011h1a2-DC","mn011h1a2.uhc.com"
"datastore1 (39)","False","mn011h1a2-DC","mn011h1a2.uhc.com"
"datastore1 (18)","False","mn011h1a2-DC","mn011h1a2.uhc.com"
"datastore1 (2)","False","mn011h1a2-DC","mn011h1a2.uhc.com"
"datastore1 (26)","False","mn011h1a2-DC","mn011h1a2.uhc.com"
"datastore1 (3)","False","mn011h1a2-DC","mn011h1a2.uhc.com"
"datastore1 (15)","False","mn011h1a2-DC","mn011h1a2.uhc.com"
"datastore1 (33)","False","mn011h1a2-DC","mn011h1a2.uhc.com"
"datastore1 (23)","False","mn011h1a2-DC","mn011h1a2.uhc.com"
"datastore1 (34)","False","mn011h1a2-DC","mn011h1a2.uhc.com"
"datastore1 (42)","False","mn011h1a2-DC","mn011h1a2.uhc.com"
"datastore1 (12)","False","mn011h1a2-DC","mn011h1a2.uhc.com"
"datastore1 (38)","False","mn011h1a2-DC","mn011h1a2.uhc.com"
"datastore1 (44)","False","mn011h1a2-DC","mn011h1a2.uhc.com"
"datastore1 (19)","False","mn011h1a2-DC","mn011h1a2.uhc.com"
"datastore1 (41)","False","mn011h1a2-DC","mn011h1a2.uhc.com"
"datastore1 (27)","False","mn011h1a2-DC","mn011h1a2.uhc.com"
"datastore1 (22)","False","mn011h1a2-DC","mn011h1a2.uhc.com"
"datastore1 (11)","False","mn011h1a2-DC","mn011h1a2.uhc.com"
"datastore1 (5)","False","mn011h1a2-DC","mn011h1a2.uhc.com"
"datastore1 (17)","False","mn011h1a2-DC","mn011h1a2.uhc.com"
"datastore1 (45)","False","mn011h1a2-DC","mn011h1a2.uhc.com"
"datastore1 (40)","False","mn011h1a2-DC","mn011h1a2.uhc.com"
"datastore1 (47)","False","mn011h1a2-DC","mn011h1a2.uhc.com"
"datastore1 (43)","False","mn011h1a2-DC","mn011h1a2.uhc.com"
"datastore1 (20)","False","mn011h1a2-DC","mn011h1a2.uhc.com"
"datastore1 (35)","False","mn011h1a2-DC","mn011h1a2.uhc.com"
"datastore1 (1)","False","mn011h1a2-DC","mn011h1a2.uhc.com"
"datastore1 (8)","False","mn011h1a2-DC","mn011h1a2.uhc.com"
"vdi_share","False","mn011h1a3-DC","mn011h1a3.uhc.com"
"vdi_share_production","False","mn011h1a3-DC","mn011h1a3.uhc.com"
"datastore1 (1)","False","mn011h1a3-DC","mn011h1a3.uhc.com"
"AppVols-EMCc214-0003e-mn011h1a3c01","False","mn011h1a3-DC","mn011h1a3.uhc.com"
"datastore1","False","mn011h1a3-DC","mn011h1a3.uhc.com"
"SharedAppstack_asnas02","False","mn011h1a3-DC","mn011h1a3.uhc.com"
"_Templates","False","mn011h1a3-DC","mn011h1a3.uhc.com"
"datastore1 (5)","False","mn011h1a3-DC","mn011h1a3.uhc.com"
"datastore1 (4)","False","mn011h1a3-DC","mn011h1a3.uhc.com"
"datastore1 (3)","False","mn011h1a3-DC","mn011h1a3.uhc.com"
"NFSdontuse","False","mn011h1a3-DC","mn011h1a3.uhc.com"
"datastore1 (2)","False","mn011h1a3-DC","mn011h1a3.uhc.com"
"lcm-bundle-repo","False","mn011h1a3-DC","mn011h1a3.uhc.com"
"datastore1 (7)","False","mn011h1a3-DC","mn011h1a3.uhc.com"
"datastore1 (6)","False","mn011h1a3-DC","mn011h1a3.uhc.com"
"SharedAppstack_asnas01","False","mn011h1a3-DC","mn011h1a3.uhc.com"
"lcm-bundle-repo","False","mn011h1a7-DC","mn011h1a7.uhc.com"
"NFSdontuse","False","mn011h1a7-DC","mn011h1a7.uhc.com"
"datastore1 (2)","False","mn011h1a7-DC","mn011h1a7.uhc.com"
"datastore1","False","mn011h1a7-DC","mn011h1a7.uhc.com"
"datastore1 (1)","False","mn011h1a7-DC","mn011h1a7.uhc.com"
"EMCc214-0002e-mn011h1a7c01","False","mn011h1a7-DC","mn011h1a7.uhc.com"
"mn011h1a9-mn011h1a9c02-vsan01","False","mn011h1a9-DC","mn011h1a9.uhc.com"
"datastore1 (21)","False","mn011h1a9-DC","mn011h1a9.uhc.com"
"datastore1 (12)","False","mn011h1a9-DC","mn011h1a9.uhc.com"
"datastore1 (20)","False","mn011h1a9-DC","mn011h1a9.uhc.com"
"datastore1 (6)","False","mn011h1a9-DC","mn011h1a9.uhc.com"
"datastore1 (16)","False","mn011h1a9-DC","mn011h1a9.uhc.com"
"datastore1 (7)","False","mn011h1a9-DC","mn011h1a9.uhc.com"
"datastore1 (9)","False","mn011h1a9-DC","mn011h1a9.uhc.com"
"datastore1 (14)","False","mn011h1a9-DC","mn011h1a9.uhc.com"
"datastore1 (19)","False","mn011h1a9-DC","mn011h1a9.uhc.com"
"datastore1 (22)","False","mn011h1a9-DC","mn011h1a9.uhc.com"
"datastore1 (15)","False","mn011h1a9-DC","mn011h1a9.uhc.com"
"datastore1 (23)","False","mn011h1a9-DC","mn011h1a9.uhc.com"
"datastore1 (4)","False","mn011h1a9-DC","mn011h1a9.uhc.com"
"datastore1 (3)","False","mn011h1a9-DC","mn011h1a9.uhc.com"
"datastore1","False","mn011h1a9-DC","mn011h1a9.uhc.com"
"mn011h1a9-mn011h1a9c01-vsan01","False","mn011h1a9-DC","mn011h1a9.uhc.com"
"datastore1 (10)","False","mn011h1a9-DC","mn011h1a9.uhc.com"
"datastore1 (1)","False","mn011h1a9-DC","mn011h1a9.uhc.com"
"datastore1 (8)","False","mn011h1a9-DC","mn011h1a9.uhc.com"
"datastore1 (2)","False","mn011h1a9-DC","mn011h1a9.uhc.com"
"datastore1 (18)","False","mn011h1a9-DC","mn011h1a9.uhc.com"
"datastore1 (17)","False","mn011h1a9-DC","mn011h1a9.uhc.com"
"datastore1 (5)","False","mn011h1a9-DC","mn011h1a9.uhc.com"
"datastore1 (11)","False","mn011h1a9-DC","mn011h1a9.uhc.com"
"_Templates","False","mn011h1a9-DC","mn011h1a9.uhc.com"
"datastore1 (13)","False","mn011h1a9-DC","mn011h1a9.uhc.com"
"lcm-bundle-repo","False","mn011h1a9-DC","mn011h1a9.uhc.com"
"datastore1 (3)","False","mn011h1b0d01","mn011h1b0.uhc.com"
"mn011h1b0-vsan01","False","mn011h1b0d01","mn011h1b0.uhc.com"
"datastore1","False","mn011h1b0d01","mn011h1b0.uhc.com"
"datastore1 (1)","False","mn011h1b0d01","mn011h1b0.uhc.com"
"lcm-bundle-repo","False","mn011h1b0d01","mn011h1b0.uhc.com"
"datastore1 (2)","False","mn011h1b0d01","mn011h1b0.uhc.com"
"datastore1 (77)","False","mn011h1b1-DC","mn011h1b1.uhc.com"
"datastore1 (65)","False","mn011h1b1-DC","mn011h1b1.uhc.com"
"datastore1 (6)","False","mn011h1b1-DC","mn011h1b1.uhc.com"
"datastore1 (39)","False","mn011h1b1-DC","mn011h1b1.uhc.com"
"datastore1 (16)","False","mn011h1b1-DC","mn011h1b1.uhc.com"
"datastore1 (61)","False","mn011h1b1-DC","mn011h1b1.uhc.com"
"datastore1 (82)","False","mn011h1b1-DC","mn011h1b1.uhc.com"
"datastore1 (58)","False","mn011h1b1-DC","mn011h1b1.uhc.com"
"datastore1 (22)","False","mn011h1b1-DC","mn011h1b1.uhc.com"
"datastore1 (53)","False","mn011h1b1-DC","mn011h1b1.uhc.com"
"datastore1 (62)","False","mn011h1b1-DC","mn011h1b1.uhc.com"
"datastore1 (48)","False","mn011h1b1-DC","mn011h1b1.uhc.com"
"datastore1 (18)","False","mn011h1b1-DC","mn011h1b1.uhc.com"
"datastore1 (9)","False","mn011h1b1-DC","mn011h1b1.uhc.com"
"datastore1 (32)","False","mn011h1b1-DC","mn011h1b1.uhc.com"
"datastore1 (44)","False","mn011h1b1-DC","mn011h1b1.uhc.com"
"NFSdontuse","False","mn011h1b1-DC","mn011h1b1.uhc.com"
"datastore1 (46)","False","mn011h1b1-DC","mn011h1b1.uhc.com"
"datastore1 (42)","False","mn011h1b1-DC","mn011h1b1.uhc.com"
"datastore1 (10)","False","mn011h1b1-DC","mn011h1b1.uhc.com"
"Templates","False","mn011h1b1-DC","mn011h1b1.uhc.com"
"datastore1 (33)","False","mn011h1b1-DC","mn011h1b1.uhc.com"
"datastore1 (41)","False","mn011h1b1-DC","mn011h1b1.uhc.com"
"datastore1 (56)","False","mn011h1b1-DC","mn011h1b1.uhc.com"
"datastore1 (81)","False","mn011h1b1-DC","mn011h1b1.uhc.com"
"datastore1 (72)","False","mn011h1b1-DC","mn011h1b1.uhc.com"
"datastore1 (19)","False","mn011h1b1-DC","mn011h1b1.uhc.com"
"datastore1 (55)","False","mn011h1b1-DC","mn011h1b1.uhc.com"
"datastore1 (15)","False","mn011h1b1-DC","mn011h1b1.uhc.com"
"datastore1 (14)","False","mn011h1b1-DC","mn011h1b1.uhc.com"
"lcm-bundle-repo","False","mn011h1b1-DC","mn011h1b1.uhc.com"
"datastore1 (29)","False","mn011h1b1-DC","mn011h1b1.uhc.com"
"datastore1 (40)","False","mn011h1b1-DC","mn011h1b1.uhc.com"
"datastore1 (11)","False","mn011h1b1-DC","mn011h1b1.uhc.com"
"datastore1 (37)","False","mn011h1b1-DC","mn011h1b1.uhc.com"
"datastore1 (60)","False","mn011h1b1-DC","mn011h1b1.uhc.com"
"datastore1 (28)","False","mn011h1b1-DC","mn011h1b1.uhc.com"
"datastore1 (12)","False","mn011h1b1-DC","mn011h1b1.uhc.com"
"NFSdontuse(1)","False","mn011h1b1-DC","mn011h1b1.uhc.com"
"datastore1 (27)","False","mn011h1b1-DC","mn011h1b1.uhc.com"
"datastore1 (23)","False","mn011h1b1-DC","mn011h1b1.uhc.com"
"datastore1 (80)","False","mn011h1b1-DC","mn011h1b1.uhc.com"
"datastore1 (24)","False","mn011h1b1-DC","mn011h1b1.uhc.com"
"datastore1 (68)","False","mn011h1b1-DC","mn011h1b1.uhc.com"
"datastore1 (25)","False","mn011h1b1-DC","mn011h1b1.uhc.com"
"datastore1 (4)","False","mn011h1b1-DC","mn011h1b1.uhc.com"
"datastore1 (67)","False","mn011h1b1-DC","mn011h1b1.uhc.com"
"datastore1 (76)","False","mn011h1b1-DC","mn011h1b1.uhc.com"
"datastore1 (57)","False","mn011h1b1-DC","mn011h1b1.uhc.com"
"datastore1 (31)","False","mn011h1b1-DC","mn011h1b1.uhc.com"
"datastore1 (21)","False","mn011h1b1-DC","mn011h1b1.uhc.com"
"datastore1 (54)","False","mn011h1b1-DC","mn011h1b1.uhc.com"
"datastore1 (70)","False","mn011h1b1-DC","mn011h1b1.uhc.com"
"datastore1 (50)","False","mn011h1b1-DC","mn011h1b1.uhc.com"
"datastore1 (63)","False","mn011h1b1-DC","mn011h1b1.uhc.com"
"datastore1 (5)","False","mn011h1b1-DC","mn011h1b1.uhc.com"
"datastore1 (71)","False","mn011h1b1-DC","mn011h1b1.uhc.com"
"datastore1 (2)","False","mn011h1b1-DC","mn011h1b1.uhc.com"
"datastore1 (30)","False","mn011h1b1-DC","mn011h1b1.uhc.com"
"datastore1 (26)","False","mn011h1b1-DC","mn011h1b1.uhc.com"
"datastore1 (83)","False","mn011h1b1-DC","mn011h1b1.uhc.com"
"datastore1 (75)","False","mn011h1b1-DC","mn011h1b1.uhc.com"
"datastore1 (59)","False","mn011h1b1-DC","mn011h1b1.uhc.com"
"datastore1 (20)","False","mn011h1b1-DC","mn011h1b1.uhc.com"
"datastore1 (69)","False","mn011h1b1-DC","mn011h1b1.uhc.com"
"datastore1 (47)","False","mn011h1b1-DC","mn011h1b1.uhc.com"
"datastore1 (7)","False","mn011h1b1-DC","mn011h1b1.uhc.com"
"datastore1 (79)","False","mn011h1b1-DC","mn011h1b1.uhc.com"
"datastore1 (43)","False","mn011h1b1-DC","mn011h1b1.uhc.com"
"datastore1 (78)","False","mn011h1b1-DC","mn011h1b1.uhc.com"
"datastore1 (64)","False","mn011h1b1-DC","mn011h1b1.uhc.com"
"datastore1 (49)","False","mn011h1b1-DC","mn011h1b1.uhc.com"
"datastore1 (8)","False","mn011h1b1-DC","mn011h1b1.uhc.com"
"datastore1 (3)","False","mn011h1b1-DC","mn011h1b1.uhc.com"
"datastore1 (66)","False","mn011h1b1-DC","mn011h1b1.uhc.com"
"datastore1 (73)","False","mn011h1b1-DC","mn011h1b1.uhc.com"
"datastore1 (51)","False","mn011h1b1-DC","mn011h1b1.uhc.com"
"datastore1 (74)","False","mn011h1b1-DC","mn011h1b1.uhc.com"
"datastore1 (13)","False","mn011h1b1-DC","mn011h1b1.uhc.com"
"datastore1 (34)","False","mn011h1b1-DC","mn011h1b1.uhc.com"
"datastore1 (35)","False","mn011h1b1-DC","mn011h1b1.uhc.com"
"datastore1 (36)","False","mn011h1b1-DC","mn011h1b1.uhc.com"
"datastore1 (45)","False","mn011h1b1-DC","mn011h1b1.uhc.com"
"datastore1 (1)","False","mn011h1b1-DC","mn011h1b1.uhc.com"
"datastore1 (17)","False","mn011h1b1-DC","mn011h1b1.uhc.com"
"datastore1 (52)","False","mn011h1b1-DC","mn011h1b1.uhc.com"
"datastore1","False","mn011h1b1-DC","mn011h1b1.uhc.com"
"datastore1 (38)","False","mn011h1b1-DC","mn011h1b1.uhc.com"
"EMCb862-00027-mn011h1b1c09","False","mn011h1b1-DC","mn011h1b1.uhc.com"
"EMCb862-00028-mn011h1b1c09","False","mn011h1b1-DC","mn011h1b1.uhc.com"
"EMCb862-00022-mn011h1b1c08","False","mn011h1b1-DC","mn011h1b1.uhc.com"
"EMCb862-00021-mn011h1b1c08","False","mn011h1b1-DC","mn011h1b1.uhc.com"
"EMCb862-00020-mn011h1b1c07","False","mn011h1b1-DC","mn011h1b1.uhc.com"
"EMCb862-0001f-mn011h1b1c07","False","mn011h1b1-DC","mn011h1b1.uhc.com"
"EMCb862-00017-mn011h1b1c01","False","mn011h1b1-DC","mn011h1b1.uhc.com"
"EMCb862-0000b-mn011h1b1c01","False","mn011h1b1-DC","mn011h1b1.uhc.com"
"EMCb862-0000a-mn011h1b1c01","False","mn011h1b1-DC","mn011h1b1.uhc.com"
"snap-0c42c8c4-EMCb862-00044-mn011h1b2c03","False","mn011h1b2-DC","mn011h1b2.uhc.com"
"snap-4290369c-EMCb862-00044-mn011h1b2c03","False","mn011h1b2-DC","mn011h1b2.uhc.com"
"datastore1 (65)","False","mn011h1b2-DC","mn011h1b2.uhc.com"
"datastore1 (20)","False","mn011h1b2-DC","mn011h1b2.uhc.com"
"snap-0558f9aa-EMCb862-00044-mn011h1b2c03","False","mn011h1b2-DC","mn011h1b2.uhc.com"
"datastore1 (54)","False","mn011h1b2-DC","mn011h1b2.uhc.com"
"datastore1 (41)","False","mn011h1b2-DC","mn011h1b2.uhc.com"
"datastore1 (14)","False","mn011h1b2-DC","mn011h1b2.uhc.com"
"datastore1 (9)","False","mn011h1b2-DC","mn011h1b2.uhc.com"
"datastore1 (38)","False","mn011h1b2-DC","mn011h1b2.uhc.com"
"datastore1 (62)","False","mn011h1b2-DC","mn011h1b2.uhc.com"
"datastore1 (59)","False","mn011h1b2-DC","mn011h1b2.uhc.com"
"datastore1 (39)","False","mn011h1b2-DC","mn011h1b2.uhc.com"
"datastore1 (19)","False","mn011h1b2-DC","mn011h1b2.uhc.com"
"datastore1 (49)","False","mn011h1b2-DC","mn011h1b2.uhc.com"
"datastore1 (2)","False","mn011h1b2-DC","mn011h1b2.uhc.com"
"datastore1 (58)","False","mn011h1b2-DC","mn011h1b2.uhc.com"
"datastore1 (15)","False","mn011h1b2-DC","mn011h1b2.uhc.com"
"datastore1 (48)","False","mn011h1b2-DC","mn011h1b2.uhc.com"
"datastore1 (61)","False","mn011h1b2-DC","mn011h1b2.uhc.com"
"srmmgmt-EMCb862-00059-mn011h1b2c10","False","mn011h1b2-DC","mn011h1b2.uhc.com"
"datastore1 (66)","False","mn011h1b2-DC","mn011h1b2.uhc.com"
"datastore1 (43)","False","mn011h1b2-DC","mn011h1b2.uhc.com"
"datastore1 (7)","False","mn011h1b2-DC","mn011h1b2.uhc.com"
"datastore1 (26)","False","mn011h1b2-DC","mn011h1b2.uhc.com"
"datastore1 (32)","False","mn011h1b2-DC","mn011h1b2.uhc.com"
"datastore1 (64)","False","mn011h1b2-DC","mn011h1b2.uhc.com"
"datastore1 (44)","False","mn011h1b2-DC","mn011h1b2.uhc.com"
"datastore1 (57)","False","mn011h1b2-DC","mn011h1b2.uhc.com"
"datastore1 (31)","False","mn011h1b2-DC","mn011h1b2.uhc.com"
"datastore1 (11)","False","mn011h1b2-DC","mn011h1b2.uhc.com"
"datastore1 (37)","False","mn011h1b2-DC","mn011h1b2.uhc.com"
"datastore1 (40)","False","mn011h1b2-DC","mn011h1b2.uhc.com"
"datastore1 (45)","False","mn011h1b2-DC","mn011h1b2.uhc.com"
"datastore1 (24)","False","mn011h1b2-DC","mn011h1b2.uhc.com"
"snap-5b4d1f3c-EMCb862-00044-mn011h1b2c03","False","mn011h1b2-DC","mn011h1b2.uhc.com"
"datastore1 (16)","False","mn011h1b2-DC","mn011h1b2.uhc.com"
"datastore1 (18)","False","mn011h1b2-DC","mn011h1b2.uhc.com"
"datastore1 (27)","False","mn011h1b2-DC","mn011h1b2.uhc.com"
"datastore1 (23)","False","mn011h1b2-DC","mn011h1b2.uhc.com"
"datastore1 (10)","False","mn011h1b2-DC","mn011h1b2.uhc.com"
"datastore1 (33)","False","mn011h1b2-DC","mn011h1b2.uhc.com"
"Templates","False","mn011h1b2-DC","mn011h1b2.uhc.com"
"datastore1 (21)","False","mn011h1b2-DC","mn011h1b2.uhc.com"
"datastore1 (30)","False","mn011h1b2-DC","mn011h1b2.uhc.com"
"datastore1 (68)","False","mn011h1b2-DC","mn011h1b2.uhc.com"
"datastore1 (25)","False","mn011h1b2-DC","mn011h1b2.uhc.com"
"NFSdontuse (2)","False","mn011h1b2-DC","mn011h1b2.uhc.com"
"NFSdontuse","False","mn011h1b2-DC","mn011h1b2.uhc.com"
"datastore1 (12)","False","mn011h1b2-DC","mn011h1b2.uhc.com"
"datastore1 (42)","False","mn011h1b2-DC","mn011h1b2.uhc.com"
"datastore1 (46)","False","mn011h1b2-DC","mn011h1b2.uhc.com"
"datastore1 (6)","False","mn011h1b2-DC","mn011h1b2.uhc.com"
"datastore1 (69)","False","mn011h1b2-DC","mn011h1b2.uhc.com"
"datastore1 (47)","False","mn011h1b2-DC","mn011h1b2.uhc.com"
"datastore1 (29)","False","mn011h1b2-DC","mn011h1b2.uhc.com"
"lcm-bundle-repo","False","mn011h1b2-DC","mn011h1b2.uhc.com"
"snap-34067692-EMCb862-00044-mn011h1b2c03","False","mn011h1b2-DC","mn011h1b2.uhc.com"
"datastore1 (70)","False","mn011h1b2-DC","mn011h1b2.uhc.com"
"datastore1 (36)","False","mn011h1b2-DC","mn011h1b2.uhc.com"
"datastore1 (35)","False","mn011h1b2-DC","mn011h1b2.uhc.com"
"datastore1 (34)","False","mn011h1b2-DC","mn011h1b2.uhc.com"
"027881-EMCb862-00050-mn011h1b2","False","mn011h1b2-DC","mn011h1b2.uhc.com"
"EMCb862-0005a-mn011h1b2c10","False","mn011h1b2-DC","mn011h1b2.uhc.com"
"datastore1 (17)","False","mn011h1b2-DC","mn011h1b2.uhc.com"
"datastore1 (52)","False","mn011h1b2-DC","mn011h1b2.uhc.com"
"datastore1 (53)","False","mn011h1b2-DC","mn011h1b2.uhc.com"
"datastore1","False","mn011h1b2-DC","mn011h1b2.uhc.com"
"snap-73fe7ebc-EMCb862-00044-mn011h1b2c03","False","mn011h1b2-DC","mn011h1b2.uhc.com"
"datastore1 (55)","False","mn011h1b2-DC","mn011h1b2.uhc.com"
"snap-1100dc6e-EMCb862-00044-mn011h1b2c03","False","mn011h1b2-DC","mn011h1b2.uhc.com"
"datastore1 (60)","False","mn011h1b2-DC","mn011h1b2.uhc.com"
"datastore1 (28)","False","mn011h1b2-DC","mn011h1b2.uhc.com"
"datastore1 (50)","False","mn011h1b2-DC","mn011h1b2.uhc.com"
"datastore1 (5)","False","mn011h1b2-DC","mn011h1b2.uhc.com"
"datastore1 (63)","False","mn011h1b2-DC","mn011h1b2.uhc.com"
"datastore1 (51)","False","mn011h1b2-DC","mn011h1b2.uhc.com"
"datastore1 (13)","False","mn011h1b2-DC","mn011h1b2.uhc.com"
"snap-433093fb-EMCb862-00044-mn011h1b2c03","False","mn011h1b2-DC","mn011h1b2.uhc.com"
"datastore1 (3)","False","mn011h1b2-DC","mn011h1b2.uhc.com"
"datastore1 (8)","False","mn011h1b2-DC","mn011h1b2.uhc.com"
"datastore1 (1)","False","mn011h1b2-DC","mn011h1b2.uhc.com"
"datastore1 (67)","False","mn011h1b2-DC","mn011h1b2.uhc.com"
"datastore1 (4)","False","mn011h1b2-DC","mn011h1b2.uhc.com"
"datastore1 (22)","False","mn011h1b2-DC","mn011h1b2.uhc.com"
"datastore1 (56)","False","mn011h1b2-DC","mn011h1b2.uhc.com"
"EMCe4ec-00027-mn011h1b2c01","False","mn011h1b2-DC","mn011h1b2.uhc.com"
"AREP-EMCb862-0005c-mn011h1b2c10","False","mn011h1b2-DC","mn011h1b2.uhc.com"
"AREP-EMCb862-0005b-mn011h1b2c10","False","mn011h1b2-DC","mn011h1b2.uhc.com"
"EMCe4ec-00024-mn011h1b2c12","False","mn011h1b2-DC","mn011h1b2.uhc.com"
"EMCe4ec-00004-mn011h1b2c12","False","mn011h1b2-DC","mn011h1b2.uhc.com"
"EMC2b1c-00073-mn011h1b2c07","False","mn011h1b2-DC","mn011h1b2.uhc.com"
"EMC2b1c-00074-mn011h1b2c07","False","mn011h1b2-DC","mn011h1b2.uhc.com"
"EMC2b1c-00075-mn011h1b2c07","False","mn011h1b2-DC","mn011h1b2.uhc.com"
"EMCe4ec-00003-mn011h1b2c11","False","mn011h1b2-DC","mn011h1b2.uhc.com"
"EMCe4ec-00002-mn011h1b2c11","False","mn011h1b2-DC","mn011h1b2.uhc.com"
"EMCe4ec-00025-mn011h1b2c13","False","mn011h1b2-DC","mn011h1b2.uhc.com"
"EMCe4ec-00026-mn011h1b2c13","False","mn011h1b2-DC","mn011h1b2.uhc.com"
"EMC2b1c-00077-mn011h1b2c05","False","mn011h1b2-DC","mn011h1b2.uhc.com"
"EMC2b1c-00076-mn011h1b2c05","False","mn011h1b2-DC","mn011h1b2.uhc.com"
"EMC2b1c-00078-mn011h1b2c05","False","mn011h1b2-DC","mn011h1b2.uhc.com"
"mn053h1a0-vsan01","False","mn053h1a0d01","mn053h1a0.uhc.com"
"datastore1 (1)","False","mn053h1a0d01","mn053h1a0.uhc.com"
"datastore1","False","mn053h1a0d01","mn053h1a0.uhc.com"
"lcm-bundle-repo","False","mn053h1a0d01","mn053h1a0.uhc.com"
"datastore1 (48)","False","mn053h1a1-DC","mn053h1a1.uhc.com"
"datastore1 (47)","False","mn053h1a1-DC","mn053h1a1.uhc.com"
"datastore1 (45)","False","mn053h1a1-DC","mn053h1a1.uhc.com"
"datastore1 (44)","False","mn053h1a1-DC","mn053h1a1.uhc.com"
"datastore1 (15)","False","mn053h1a1-DC","mn053h1a1.uhc.com"
"datastore1 (6)","False","mn053h1a1-DC","mn053h1a1.uhc.com"
"datastore1 (20)","False","mn053h1a1-DC","mn053h1a1.uhc.com"
"datastore1 (33)","False","mn053h1a1-DC","mn053h1a1.uhc.com"
"datastore1 (10)","False","mn053h1a1-DC","mn053h1a1.uhc.com"
"datastore1 (28)","False","mn053h1a1-DC","mn053h1a1.uhc.com"
"datastore1","False","mn053h1a1-DC","mn053h1a1.uhc.com"
"datastore1 (38)","False","mn053h1a1-DC","mn053h1a1.uhc.com"
"datastore1 (19)","False","mn053h1a1-DC","mn053h1a1.uhc.com"
"datastore1 (41)","False","mn053h1a1-DC","mn053h1a1.uhc.com"
"datastore1 (1)","False","mn053h1a1-DC","mn053h1a1.uhc.com"
"datastore1 (14)","False","mn053h1a1-DC","mn053h1a1.uhc.com"
"datastore1 (16)","False","mn053h1a1-DC","mn053h1a1.uhc.com"
"datastore1 (43)","False","mn053h1a1-DC","mn053h1a1.uhc.com"
"datastore1 (7)","False","mn053h1a1-DC","mn053h1a1.uhc.com"
"datastore1 (25)","False","mn053h1a1-DC","mn053h1a1.uhc.com"
"datastore1 (24)","False","mn053h1a1-DC","mn053h1a1.uhc.com"
"datastore1 (5)","False","mn053h1a1-DC","mn053h1a1.uhc.com"
"datastore1 (17)","False","mn053h1a1-DC","mn053h1a1.uhc.com"
"datastore1 (8)","False","mn053h1a1-DC","mn053h1a1.uhc.com"
"datastore1 (3)","False","mn053h1a1-DC","mn053h1a1.uhc.com"
"datastore1 (26)","False","mn053h1a1-DC","mn053h1a1.uhc.com"
"datastore1 (32)","False","mn053h1a1-DC","mn053h1a1.uhc.com"
"datastore1 (37)","False","mn053h1a1-DC","mn053h1a1.uhc.com"
"datastore1 (11)","False","mn053h1a1-DC","mn053h1a1.uhc.com"
"datastore1 (40)","False","mn053h1a1-DC","mn053h1a1.uhc.com"
"datastore1 (23)","False","mn053h1a1-DC","mn053h1a1.uhc.com"
"datastore1 (27)","False","mn053h1a1-DC","mn053h1a1.uhc.com"
"datastore1 (22)","False","mn053h1a1-DC","mn053h1a1.uhc.com"
"datastore1 (31)","False","mn053h1a1-DC","mn053h1a1.uhc.com"
"datastore1 (12)","False","mn053h1a1-DC","mn053h1a1.uhc.com"
"NFSdontuse","False","mn053h1a1-DC","mn053h1a1.uhc.com"
"datastore1 (2)","False","mn053h1a1-DC","mn053h1a1.uhc.com"
"datastore1 (18)","False","mn053h1a1-DC","mn053h1a1.uhc.com"
"datastore1 (21)","False","mn053h1a1-DC","mn053h1a1.uhc.com"
"datastore1 (30)","False","mn053h1a1-DC","mn053h1a1.uhc.com"
"datastore1 (35)","False","mn053h1a1-DC","mn053h1a1.uhc.com"
"datastore1 (36)","False","mn053h1a1-DC","mn053h1a1.uhc.com"
"datastore1 (34)","False","mn053h1a1-DC","mn053h1a1.uhc.com"
"datastore1 (9)","False","mn053h1a1-DC","mn053h1a1.uhc.com"
"datastore1 (13)","False","mn053h1a1-DC","mn053h1a1.uhc.com"
"_Templates","False","mn053h1a1-DC","mn053h1a1.uhc.com"
"datastore1 (4)","False","mn053h1a1-DC","mn053h1a1.uhc.com"
"datastore1 (39)","False","mn053h1a1-DC","mn053h1a1.uhc.com"
"datastore1 (29)","False","mn053h1a1-DC","mn053h1a1.uhc.com"
"lcm-bundle-repo","False","mn053h1a1-DC","mn053h1a1.uhc.com"
"datastore1 (46)","False","mn053h1a1-DC","mn053h1a1.uhc.com"
"datastore1 (42)","False","mn053h1a1-DC","mn053h1a1.uhc.com"
"EMC5ee0-00080-mn053h1a1c07","False","mn053h1a1-DC","mn053h1a1.uhc.com"
"EMC5ee0-00081-mn053h1a1c07","False","mn053h1a1-DC","mn053h1a1.uhc.com"
"EMC5ee0-0007f-mn053h1a1c07","False","mn053h1a1-DC","mn053h1a1.uhc.com"
"EMC5ee0-0007e-mn053h1a1c07","False","mn053h1a1-DC","mn053h1a1.uhc.com"
"EMC8e56-000b9-mn053h1a1c02","False","mn053h1a1-DC","mn053h1a1.uhc.com"
"EMC8e56-000b8-mn053h1a1c02","False","mn053h1a1-DC","mn053h1a1.uhc.com"
"EMCf57a-00058-mn053h1a1c06","False","mn053h1a1-DC","mn053h1a1.uhc.com"
"EMCf57a-00059-mn053h1a1c06","False","mn053h1a1-DC","mn053h1a1.uhc.com"
"EMCf57a-0005a-mn053h1a1c06","False","mn053h1a1-DC","mn053h1a1.uhc.com"
"EMCf57a-0004e-mn053h1a1c06","False","mn053h1a1-DC","mn053h1a1.uhc.com"
"EMCf57a-0004d-mn053h1a1c06","False","mn053h1a1-DC","mn053h1a1.uhc.com"
"EMCf57a-0003d-mn053h1a1c05","False","mn053h1a1-DC","mn053h1a1.uhc.com"
"EMCf57a-0003c-mn053h1a1c04","False","mn053h1a1-DC","mn053h1a1.uhc.com"
"EMCf57a-0003b-mn053h1a1c04","False","mn053h1a1-DC","mn053h1a1.uhc.com"
"EMCf420-0000f-mn053h1a1c03","False","mn053h1a1-DC","mn053h1a1.uhc.com"
"ma-ds-5299eb8f-5941d0a5-0d20-8b0a9aa79ae5","False","mn053h1a2-DC","mn053h1a2.uhc.com"
"datastore1 (112)","False","mn053h1a2-DC","mn053h1a2.uhc.com"
"datastore1 (25)","False","mn053h1a2-DC","mn053h1a2.uhc.com"
"datastore1 (36)","False","mn053h1a2-DC","mn053h1a2.uhc.com"
"datastore1 (61)","False","mn053h1a2-DC","mn053h1a2.uhc.com"
"datastore1 (37)","False","mn053h1a2-DC","mn053h1a2.uhc.com"
"datastore1 (109)","False","mn053h1a2-DC","mn053h1a2.uhc.com"
"datastore1 (51)","False","mn053h1a2-DC","mn053h1a2.uhc.com"
"datastore1 (93)","False","mn053h1a2-DC","mn053h1a2.uhc.com"
"datastore1 (49)","False","mn053h1a2-DC","mn053h1a2.uhc.com"
"datastore1 (60)","False","mn053h1a2-DC","mn053h1a2.uhc.com"
"datastore1 (35)","False","mn053h1a2-DC","mn053h1a2.uhc.com"
"datastore1 (108)","False","mn053h1a2-DC","mn053h1a2.uhc.com"
"datastore1 (29)","False","mn053h1a2-DC","mn053h1a2.uhc.com"
"datastore1 (27)","False","mn053h1a2-DC","mn053h1a2.uhc.com"
"datastore1 (34)","False","mn053h1a2-DC","mn053h1a2.uhc.com"
"datastore1 (99)","False","mn053h1a2-DC","mn053h1a2.uhc.com"
"datastore1 (32)","False","mn053h1a2-DC","mn053h1a2.uhc.com"
"datastore1 (88)","False","mn053h1a2-DC","mn053h1a2.uhc.com"
"datastore1 (73)","False","mn053h1a2-DC","mn053h1a2.uhc.com"
"datastore1 (66)","False","mn053h1a2-DC","mn053h1a2.uhc.com"
"datastore1 (105)","False","mn053h1a2-DC","mn053h1a2.uhc.com"
"datastore1 (2)","False","mn053h1a2-DC","mn053h1a2.uhc.com"
"datastore1 (100)","False","mn053h1a2-DC","mn053h1a2.uhc.com"
"datastore1 (107)","False","mn053h1a2-DC","mn053h1a2.uhc.com"
"datastore1 (42)","False","mn053h1a2-DC","mn053h1a2.uhc.com"
"datastore1 (46)","False","mn053h1a2-DC","mn053h1a2.uhc.com"
"datastore1 (65)","False","mn053h1a2-DC","mn053h1a2.uhc.com"
"datastore1 (77)","False","mn053h1a2-DC","mn053h1a2.uhc.com"
"datastore1 (26)","False","mn053h1a2-DC","mn053h1a2.uhc.com"
"datastore1 (83)","False","mn053h1a2-DC","mn053h1a2.uhc.com"
"datastore1 (91)","False","mn053h1a2-DC","mn053h1a2.uhc.com"
"datastore1 (1)","False","mn053h1a2-DC","mn053h1a2.uhc.com"
"datastore1 (70)","False","mn053h1a2-DC","mn053h1a2.uhc.com"
"datastore1 (90)","False","mn053h1a2-DC","mn053h1a2.uhc.com"
"datastore1 (20)","False","mn053h1a2-DC","mn053h1a2.uhc.com"
"_Templates","False","mn053h1a2-DC","mn053h1a2.uhc.com"
"datastore1 (43)","False","mn053h1a2-DC","mn053h1a2.uhc.com"
"datastore1 (7)","False","mn053h1a2-DC","mn053h1a2.uhc.com"
"datastore1 (79)","False","mn053h1a2-DC","mn053h1a2.uhc.com"
"datastore1 (68)","False","mn053h1a2-DC","mn053h1a2.uhc.com"
"datastore1 (86)","False","mn053h1a2-DC","mn053h1a2.uhc.com"
"datastore1 (85)","False","mn053h1a2-DC","mn053h1a2.uhc.com"
"datastore1 (63)","False","mn053h1a2-DC","mn053h1a2.uhc.com"
"datastore1 (50)","False","mn053h1a2-DC","mn053h1a2.uhc.com"
"datastore1 (76)","False","mn053h1a2-DC","mn053h1a2.uhc.com"
"datastore1 (5)","False","mn053h1a2-DC","mn053h1a2.uhc.com"
"datastore1 (12)","False","mn053h1a2-DC","mn053h1a2.uhc.com"
"datastore1 (23)","False","mn053h1a2-DC","mn053h1a2.uhc.com"
"datastore1 (87)","False","mn053h1a2-DC","mn053h1a2.uhc.com"
"datastore1 (21)","False","mn053h1a2-DC","mn053h1a2.uhc.com"
"datastore1 (33)","False","mn053h1a2-DC","mn053h1a2.uhc.com"
"datastore1 (10)","False","mn053h1a2-DC","mn053h1a2.uhc.com"
"datastore1 (95)","False","mn053h1a2-DC","mn053h1a2.uhc.com"
"datastore1","False","mn053h1a2-DC","mn053h1a2.uhc.com"
"datastore1 (74)","False","mn053h1a2-DC","mn053h1a2.uhc.com"
"datastore1 (71)","False","mn053h1a2-DC","mn053h1a2.uhc.com"
"datastore1 (103)","False","mn053h1a2-DC","mn053h1a2.uhc.com"
"datastore1 (9)","False","mn053h1a2-DC","mn053h1a2.uhc.com"
"datastore1 (84)","False","mn053h1a2-DC","mn053h1a2.uhc.com"
"datastore1 (62)","False","mn053h1a2-DC","mn053h1a2.uhc.com"
"datastore1 (80)","False","mn053h1a2-DC","mn053h1a2.uhc.com"
"datastore1 (111)","False","mn053h1a2-DC","mn053h1a2.uhc.com"
"EMCc41c-000a2-mn053h1a2c09","False","mn053h1a2-DC","mn053h1a2.uhc.com"
"datastore1 (24)","False","mn053h1a2-DC","mn053h1a2.uhc.com"
"datastore1 (106)","False","mn053h1a2-DC","mn053h1a2.uhc.com"
"datastore1 (19)","False","mn053h1a2-DC","mn053h1a2.uhc.com"
"datastore1 (104)","False","mn053h1a2-DC","mn053h1a2.uhc.com"
"datastore1 (97)","False","mn053h1a2-DC","mn053h1a2.uhc.com"
"datastore1 (28)","False","mn053h1a2-DC","mn053h1a2.uhc.com"
"datastore1 (40)","False","mn053h1a2-DC","mn053h1a2.uhc.com"
"datastore1 (110)","False","mn053h1a2-DC","mn053h1a2.uhc.com"
"datastore1 (45)","False","mn053h1a2-DC","mn053h1a2.uhc.com"
"datastore1 (30)","False","mn053h1a2-DC","mn053h1a2.uhc.com"
"datastore1 (81)","False","mn053h1a2-DC","mn053h1a2.uhc.com"
"datastore1 (98)","False","mn053h1a2-DC","mn053h1a2.uhc.com"
"datastore1 (64)","False","mn053h1a2-DC","mn053h1a2.uhc.com"
"datastore1 (67)","False","mn053h1a2-DC","mn053h1a2.uhc.com"
"datastore1 (75)","False","mn053h1a2-DC","mn053h1a2.uhc.com"
"datastore1 (48)","False","mn053h1a2-DC","mn053h1a2.uhc.com"
"ma-ds-52c49bde-eaf6002b-def6-6fa65f3251f4","False","mn053h1a2-DC","mn053h1a2.uhc.com"
"datastore1 (41)","False","mn053h1a2-DC","mn053h1a2.uhc.com"
"datastore1 (3)","False","mn053h1a2-DC","mn053h1a2.uhc.com"
"datastore1 (54)","False","mn053h1a2-DC","mn053h1a2.uhc.com"
"datastore1 (72)","False","mn053h1a2-DC","mn053h1a2.uhc.com"
"datastore1 (8)","False","mn053h1a2-DC","mn053h1a2.uhc.com"
"datastore1 (44)","False","mn053h1a2-DC","mn053h1a2.uhc.com"
"datastore1 (59)","False","mn053h1a2-DC","mn053h1a2.uhc.com"
"datastore1 (6)","False","mn053h1a2-DC","mn053h1a2.uhc.com"
"datastore1 (82)","False","mn053h1a2-DC","mn053h1a2.uhc.com"
"ma-ds-5284f4ef-736f6688-9329-2928dd48408e","False","mn053h1a2-DC","mn053h1a2.uhc.com"
"datastore1 (53)","False","mn053h1a2-DC","mn053h1a2.uhc.com"
"datastore1 (92)","False","mn053h1a2-DC","mn053h1a2.uhc.com"
"datastore1 (94)","False","mn053h1a2-DC","mn053h1a2.uhc.com"
"datastore1 (101)","False","mn053h1a2-DC","mn053h1a2.uhc.com"
"datastore1 (102)","False","mn053h1a2-DC","mn053h1a2.uhc.com"
"ma-ds-52e6773b-c23ea567-fb92-1ead28f7d6ce","False","mn053h1a2-DC","mn053h1a2.uhc.com"
"datastore1 (52)","False","mn053h1a2-DC","mn053h1a2.uhc.com"
"datastore1 (22)","False","mn053h1a2-DC","mn053h1a2.uhc.com"
"datastore1 (78)","False","mn053h1a2-DC","mn053h1a2.uhc.com"
"ma-ds-5263e6ec-85daf819-e8c1-2a56ee543005","False","mn053h1a2-DC","mn053h1a2.uhc.com"
"datastore1 (4)","False","mn053h1a2-DC","mn053h1a2.uhc.com"
"datastore1 (56)","False","mn053h1a2-DC","mn053h1a2.uhc.com"
"ma-ds-52abef95-9cf9af39-91a0-e47825c6331b","False","mn053h1a2-DC","mn053h1a2.uhc.com"
"datastore1 (38)","False","mn053h1a2-DC","mn053h1a2.uhc.com"
"lcm-bundle-repo","False","mn053h1a2-DC","mn053h1a2.uhc.com"
"datastore1 (96)","False","mn053h1a2-DC","mn053h1a2.uhc.com"
"datastore1 (57)","False","mn053h1a2-DC","mn053h1a2.uhc.com"
"datastore1 (31)","False","mn053h1a2-DC","mn053h1a2.uhc.com"
"ma-ds-52525ec3-61d3810b-feeb-702c8d1ff841","False","mn053h1a2-DC","mn053h1a2.uhc.com"
"datastore1 (58)","False","mn053h1a2-DC","mn053h1a2.uhc.com"
"datastore1 (39)","False","mn053h1a2-DC","mn053h1a2.uhc.com"
"datastore1 (69)","False","mn053h1a2-DC","mn053h1a2.uhc.com"
"datastore1 (47)","False","mn053h1a2-DC","mn053h1a2.uhc.com"
"datastore1 (89)","False","mn053h1a2-DC","mn053h1a2.uhc.com"
"ma-ds-52cad8ef-cf4b7de2-d76a-c03be6139bea","False","mn053h1a2-DC","mn053h1a2.uhc.com"
"datastore1 (55)","False","mn053h1a2-DC","mn053h1a2.uhc.com"
"EMC5ee0-00073-mn053h1a2c14","False","mn053h1a2-DC","mn053h1a2.uhc.com"
"EMC5ee0-00074-mn053h1a2c14","False","mn053h1a2-DC","mn053h1a2.uhc.com"
"EMC5ee0-00078-mn053h1a2c15","False","mn053h1a2-DC","mn053h1a2.uhc.com"
"EMC5ee0-00079-mn053h1a2c15","False","mn053h1a2-DC","mn053h1a2.uhc.com"
"EMC5ee0-00087-mn053h1a2c17","False","mn053h1a2-DC","mn053h1a2.uhc.com"
"EMC5ee0-00086-mn053h1a2c17","False","mn053h1a2-DC","mn053h1a2.uhc.com"
"EMC5ee0-00085-mn053h1a2c17","False","mn053h1a2-DC","mn053h1a2.uhc.com"
"EMC5ee0-00084-mn053h1a2c17","False","mn053h1a2-DC","mn053h1a2.uhc.com"
"EMC5ee0-0007a-mn053h1a2c16","False","mn053h1a2-DC","mn053h1a2.uhc.com"
"EMC5ee0-0007b-mn053h1a2c16","False","mn053h1a2-DC","mn053h1a2.uhc.com"
"EMCf420-00034-mn053h1a2c13","False","mn053h1a2-DC","mn053h1a2.uhc.com"
"EMCf57a-0003f-mn053h1a2c13","False","mn053h1a2-DC","mn053h1a2.uhc.com"
"EMCf57a-0003e-mn053h1a2c13","False","mn053h1a2-DC","mn053h1a2.uhc.com"
"EMCf420-00033-mn053h1a2c13","False","mn053h1a2-DC","mn053h1a2.uhc.com"
"EMCf57a-0004f-mn053h1a2c12","False","mn053h1a2-DC","mn053h1a2.uhc.com"
"EMCf57a-00065-mn053h1a2c12","False","mn053h1a2-DC","mn053h1a2.uhc.com"
"EMCf57a-00053-mn053h1a2c12","False","mn053h1a2-DC","mn053h1a2.uhc.com"
"EMCf57a-00066-mn053h1a2c12","False","mn053h1a2-DC","mn053h1a2.uhc.com"
"EMCf420-00020-mn053h1a2c12","False","mn053h1a2-DC","mn053h1a2.uhc.com"
"EMCf420-0001f-mn053h1a2c12","False","mn053h1a2-DC","mn053h1a2.uhc.com"
"EMCf57a-00054-mn053h1a2c12","False","mn053h1a2-DC","mn053h1a2.uhc.com"
"EMCf57a-0005f-mn053h1a2c12","False","mn053h1a2-DC","mn053h1a2.uhc.com"
"EMCf420-00021-mn053h1a2c12","False","mn053h1a2-DC","mn053h1a2.uhc.com"
"EMCf57a-0005e-mn053h1a2c12","False","mn053h1a2-DC","mn053h1a2.uhc.com"
"EMCf57a-00063-mn053h1a2c12","False","mn053h1a2-DC","mn053h1a2.uhc.com"
"EMCf57a-00050-mn053h1a2c12","False","mn053h1a2-DC","mn053h1a2.uhc.com"
"EMCf57a-00062-mn053h1a2c12","False","mn053h1a2-DC","mn053h1a2.uhc.com"
"EMCf420-00017-mn053h1a2c11","False","mn053h1a2-DC","mn053h1a2.uhc.com"
"EMCf420-00018-mn053h1a2c11","False","mn053h1a2-DC","mn053h1a2.uhc.com"
"datastore1 (18)","False","mn053h1a2-DC","mn053h1a2.uhc.com"
"datastore1 (16)","False","mn053h1a2-DC","mn053h1a2.uhc.com"
"datastore1 (13)","False","mn053h1a2-DC","mn053h1a2.uhc.com"
"datastore1 (15)","False","mn053h1a2-DC","mn053h1a2.uhc.com"
"datastore1 (14)","False","mn053h1a2-DC","mn053h1a2.uhc.com"
"datastore1 (11)","False","mn053h1a2-DC","mn053h1a2.uhc.com"
"datastore1 (17)","False","mn053h1a2-DC","mn053h1a2.uhc.com"
"NFSdontuse","False","mn053h1a2-DC","mn053h1a2.uhc.com"
"vdi_share","False","mn053h1a3-DC","mn053h1a3.uhc.com"
"datastore1 (5)","False","mn053h1a3-DC","mn053h1a3.uhc.com"
"datastore1 (4)","False","mn053h1a3-DC","mn053h1a3.uhc.com"
"datastore1 (3)","False","mn053h1a3-DC","mn053h1a3.uhc.com"
"datastore1","False","mn053h1a3-DC","mn053h1a3.uhc.com"
"NFSdontuse","False","mn053h1a3-DC","mn053h1a3.uhc.com"
"datastore1 (2)","False","mn053h1a3-DC","mn053h1a3.uhc.com"
"vdi_share_production","False","mn053h1a3-DC","mn053h1a3.uhc.com"
"datastore1 (1)","False","mn053h1a3-DC","mn053h1a3.uhc.com"
"_Templates","False","mn053h1a3-DC","mn053h1a3.uhc.com"
"SharedAppstack_asnas02","False","mn053h1a3-DC","mn053h1a3.uhc.com"
"lcm-bundle-repo","False","mn053h1a3-DC","mn053h1a3.uhc.com"
"AppVols-EMCf57a-00043-mn053h1a3c01","False","mn053h1a3-DC","mn053h1a3.uhc.com"
"datastore1 (7)","False","mn053h1a3-DC","mn053h1a3.uhc.com"
"datastore1 (6)","False","mn053h1a3-DC","mn053h1a3.uhc.com"
"SharedAppstack_asnas01","False","mn053h1a3-DC","mn053h1a3.uhc.com"
"NFSdontuse","False","mn053h1a7-DC","mn053h1a7.uhc.com"
"datastore1 (2)","False","mn053h1a7-DC","mn053h1a7.uhc.com"
"datastore1","False","mn053h1a7-DC","mn053h1a7.uhc.com"
"datastore1 (1)","False","mn053h1a7-DC","mn053h1a7.uhc.com"
"lcm-bundle-repo","False","mn053h1a7-DC","mn053h1a7.uhc.com"
"EMC5ee0-00064-mn053h1a7c01","False","mn053h1a7-DC","mn053h1a7.uhc.com"
"datastore1 (12)","False","mn053h1a9-DC","mn053h1a9.uhc.com"
"datastore1 (10)","False","mn053h1a9-DC","mn053h1a9.uhc.com"
"datastore1 (14)","False","mn053h1a9-DC","mn053h1a9.uhc.com"
"datastore1 (19)","False","mn053h1a9-DC","mn053h1a9.uhc.com"
"datastore1 (22)","False","mn053h1a9-DC","mn053h1a9.uhc.com"
"datastore1 (15)","False","mn053h1a9-DC","mn053h1a9.uhc.com"
"datastore1 (23)","False","mn053h1a9-DC","mn053h1a9.uhc.com"
"datastore1 (16)","False","mn053h1a9-DC","mn053h1a9.uhc.com"
"datastore1 (7)","False","mn053h1a9-DC","mn053h1a9.uhc.com"
"datastore1 (20)","False","mn053h1a9-DC","mn053h1a9.uhc.com"
"datastore1 (6)","False","mn053h1a9-DC","mn053h1a9.uhc.com"
"datastore1 (1)","False","mn053h1a9-DC","mn053h1a9.uhc.com"
"datastore1 (8)","False","mn053h1a9-DC","mn053h1a9.uhc.com"
"datastore1 (21)","False","mn053h1a9-DC","mn053h1a9.uhc.com"
"datastore1 (18)","False","mn053h1a9-DC","mn053h1a9.uhc.com"
"datastore1 (2)","False","mn053h1a9-DC","mn053h1a9.uhc.com"
"datastore1 (3)","False","mn053h1a9-DC","mn053h1a9.uhc.com"
"datastore1 (4)","False","mn053h1a9-DC","mn053h1a9.uhc.com"
"datastore1 (11)","False","mn053h1a9-DC","mn053h1a9.uhc.com"
"datastore1 (17)","False","mn053h1a9-DC","mn053h1a9.uhc.com"
"datastore1 (5)","False","mn053h1a9-DC","mn053h1a9.uhc.com"
"datastore1","False","mn053h1a9-DC","mn053h1a9.uhc.com"
"mn053h1a9-mn053h1a9c02-vsan01","False","mn053h1a9-DC","mn053h1a9.uhc.com"
"lcm-bundle-repo","False","mn053h1a9-DC","mn053h1a9.uhc.com"
"mn053h1a9-mn053h1a9c01-vsan01","False","mn053h1a9-DC","mn053h1a9.uhc.com"
"_Templates","False","mn053h1a9-DC","mn053h1a9.uhc.com"
"datastore1 (13)","False","mn053h1a9-DC","mn053h1a9.uhc.com"
"datastore1 (9)","False","mn053h1a9-DC","mn053h1a9.uhc.com"
"datastore1 (3)","False","mn053h1b0d01","mn053h1b0.uhc.com"
"datastore1 (2)","False","mn053h1b0d01","mn053h1b0.uhc.com"
"mn053h1b0-vsan01","False","mn053h1b0d01","mn053h1b0.uhc.com"
"datastore1","False","mn053h1b0d01","mn053h1b0.uhc.com"
"datastore1 (1)","False","mn053h1b0d01","mn053h1b0.uhc.com"
"lcm-bundle-repo","False","mn053h1b0d01","mn053h1b0.uhc.com"
"datastore1 (48)","False","mn053h1b1-DC","mn053h1b1.uhc.com"
"datastore1 (67)","False","mn053h1b1-DC","mn053h1b1.uhc.com"
"datastore1 (70)","False","mn053h1b1-DC","mn053h1b1.uhc.com"
"datastore1 (55)","False","mn053h1b1-DC","mn053h1b1.uhc.com"
"datastore1 (56)","False","mn053h1b1-DC","mn053h1b1.uhc.com"
"datastore1 (14)","False","mn053h1b1-DC","mn053h1b1.uhc.com"
"datastore1 (12)","False","mn053h1b1-DC","mn053h1b1.uhc.com"
"datastore1 (47)","False","mn053h1b1-DC","mn053h1b1.uhc.com"
"datastore1 (69)","False","mn053h1b1-DC","mn053h1b1.uhc.com"
"datastore1 (15)","False","mn053h1b1-DC","mn053h1b1.uhc.com"
"datastore1 (27)","False","mn053h1b1-DC","mn053h1b1.uhc.com"
"datastore1 (23)","False","mn053h1b1-DC","mn053h1b1.uhc.com"
"datastore1 (13)","False","mn053h1b1-DC","mn053h1b1.uhc.com"
"datastore1 (51)","False","mn053h1b1-DC","mn053h1b1.uhc.com"
"datastore1 (74)","False","mn053h1b1-DC","mn053h1b1.uhc.com"
"NFSdontuse","False","mn053h1b1-DC","mn053h1b1.uhc.com"
"datastore1 (22)","False","mn053h1b1-DC","mn053h1b1.uhc.com"
"datastore1 (9)","False","mn053h1b1-DC","mn053h1b1.uhc.com"
"datastore1 (20)","False","mn053h1b1-DC","mn053h1b1.uhc.com"
"datastore1 (81)","False","mn053h1b1-DC","mn053h1b1.uhc.com"
"datastore1 (71)","False","mn053h1b1-DC","mn053h1b1.uhc.com"
"datastore1 (2)","False","mn053h1b1-DC","mn053h1b1.uhc.com"
"datastore1 (8)","False","mn053h1b1-DC","mn053h1b1.uhc.com"
"datastore1 (3)","False","mn053h1b1-DC","mn053h1b1.uhc.com"
"datastore1 (16)","False","mn053h1b1-DC","mn053h1b1.uhc.com"
"datastore1 (49)","False","mn053h1b1-DC","mn053h1b1.uhc.com"
"datastore1 (83)","False","mn053h1b1-DC","mn053h1b1.uhc.com"
"datastore1 (26)","False","mn053h1b1-DC","mn053h1b1.uhc.com"
"datastore1 (58)","False","mn053h1b1-DC","mn053h1b1.uhc.com"
"datastore1 (42)","False","mn053h1b1-DC","mn053h1b1.uhc.com"
"datastore1 (46)","False","mn053h1b1-DC","mn053h1b1.uhc.com"
"datastore1 (6)","False","mn053h1b1-DC","mn053h1b1.uhc.com"
"datastore1 (59)","False","mn053h1b1-DC","mn053h1b1.uhc.com"
"datastore1 (17)","False","mn053h1b1-DC","mn053h1b1.uhc.com"
"datastore1 (52)","False","mn053h1b1-DC","mn053h1b1.uhc.com"
"datastore1 (53)","False","mn053h1b1-DC","mn053h1b1.uhc.com"
"datastore1 (68)","False","mn053h1b1-DC","mn053h1b1.uhc.com"
"datastore1 (25)","False","mn053h1b1-DC","mn053h1b1.uhc.com"
"datastore1 (43)","False","mn053h1b1-DC","mn053h1b1.uhc.com"
"datastore1 (79)","False","mn053h1b1-DC","mn053h1b1.uhc.com"
"datastore1 (7)","False","mn053h1b1-DC","mn053h1b1.uhc.com"
"datastore1 (36)","False","mn053h1b1-DC","mn053h1b1.uhc.com"
"datastore1 (35)","False","mn053h1b1-DC","mn053h1b1.uhc.com"
"datastore1 (34)","False","mn053h1b1-DC","mn053h1b1.uhc.com"
"datastore1 (75)","False","mn053h1b1-DC","mn053h1b1.uhc.com"
"datastore1 (41)","False","mn053h1b1-DC","mn053h1b1.uhc.com"
"datastore1 (19)","False","mn053h1b1-DC","mn053h1b1.uhc.com"
"datastore1 (62)","False","mn053h1b1-DC","mn053h1b1.uhc.com"
"datastore1 (61)","False","mn053h1b1-DC","mn053h1b1.uhc.com"
"datastore1 (82)","False","mn053h1b1-DC","mn053h1b1.uhc.com"
"datastore1 (1)","False","mn053h1b1-DC","mn053h1b1.uhc.com"
"datastore1 (54)","False","mn053h1b1-DC","mn053h1b1.uhc.com"
"datastore1 (29)","False","mn053h1b1-DC","mn053h1b1.uhc.com"
"lcm-bundle-repo","False","mn053h1b1-DC","mn053h1b1.uhc.com"
"datastore1 (72)","False","mn053h1b1-DC","mn053h1b1.uhc.com"
"datastore1 (31)","False","mn053h1b1-DC","mn053h1b1.uhc.com"
"datastore1 (57)","False","mn053h1b1-DC","mn053h1b1.uhc.com"
"datastore1 (66)","False","mn053h1b1-DC","mn053h1b1.uhc.com"
"datastore1 (73)","False","mn053h1b1-DC","mn053h1b1.uhc.com"
"datastore1 (38)","False","mn053h1b1-DC","mn053h1b1.uhc.com"
"datastore1 (44)","False","mn053h1b1-DC","mn053h1b1.uhc.com"
"datastore1 (40)","False","mn053h1b1-DC","mn053h1b1.uhc.com"
"datastore1 (11)","False","mn053h1b1-DC","mn053h1b1.uhc.com"
"datastore1 (37)","False","mn053h1b1-DC","mn053h1b1.uhc.com"
"datastore1 (60)","False","mn053h1b1-DC","mn053h1b1.uhc.com"
"datastore1 (28)","False","mn053h1b1-DC","mn053h1b1.uhc.com"
"datastore1 (63)","False","mn053h1b1-DC","mn053h1b1.uhc.com"
"datastore1 (5)","False","mn053h1b1-DC","mn053h1b1.uhc.com"
"datastore1 (50)","False","mn053h1b1-DC","mn053h1b1.uhc.com"
"datastore1 (76)","False","mn053h1b1-DC","mn053h1b1.uhc.com"
"datastore1 (45)","False","mn053h1b1-DC","mn053h1b1.uhc.com"
"datastore1 (32)","False","mn053h1b1-DC","mn053h1b1.uhc.com"
"datastore1 (18)","False","mn053h1b1-DC","mn053h1b1.uhc.com"
"datastore1 (24)","False","mn053h1b1-DC","mn053h1b1.uhc.com"
"datastore1 (80)","False","mn053h1b1-DC","mn053h1b1.uhc.com"
"datastore1","False","mn053h1b1-DC","mn053h1b1.uhc.com"
"datastore1 (30)","False","mn053h1b1-DC","mn053h1b1.uhc.com"
"datastore1 (64)","False","mn053h1b1-DC","mn053h1b1.uhc.com"
"datastore1 (78)","False","mn053h1b1-DC","mn053h1b1.uhc.com"
"datastore1 (39)","False","mn053h1b1-DC","mn053h1b1.uhc.com"
"datastore1 (4)","False","mn053h1b1-DC","mn053h1b1.uhc.com"
"datastore1 (65)","False","mn053h1b1-DC","mn053h1b1.uhc.com"
"datastore1 (77)","False","mn053h1b1-DC","mn053h1b1.uhc.com"
"datastore1 (21)","False","mn053h1b1-DC","mn053h1b1.uhc.com"
"datastore1 (10)","False","mn053h1b1-DC","mn053h1b1.uhc.com"
"Templates","False","mn053h1b1-DC","mn053h1b1.uhc.com"
"datastore1 (33)","False","mn053h1b1-DC","mn053h1b1.uhc.com"
"EMCcccc-00049-mn053h1b1c01","False","mn053h1b1-DC","mn053h1b1.uhc.com"
"EMCcccc-00042-mn053h1b1c03","False","mn053h1b1-DC","mn053h1b1.uhc.com"
"EMCcccc-00041-mn053h1b1c03","False","mn053h1b1-DC","mn053h1b1.uhc.com"
"EMCcccc-0004a-mn053h1b1c03","False","mn053h1b1-DC","mn053h1b1.uhc.com"
"EMCcccc-00045-mn053h1b1c04","False","mn053h1b1-DC","mn053h1b1.uhc.com"
"EMCcccc-00046-mn053h1b1c04","False","mn053h1b1-DC","mn053h1b1.uhc.com"
"EMCcccc-0004b-mn053h1b1c04","False","mn053h1b1-DC","mn053h1b1.uhc.com"
"EMCcccc-00043-mn053h1b1c05","False","mn053h1b1-DC","mn053h1b1.uhc.com"
"EMCcccc-00044-mn053h1b1c05","False","mn053h1b1-DC","mn053h1b1.uhc.com"
"EMCcccc-0004c-mn053h1b1c05","False","mn053h1b1-DC","mn053h1b1.uhc.com"
"EMCaf5e-00014-mn053h1b1c09","False","mn053h1b1-DC","mn053h1b1.uhc.com"
"EMCaf5e-00015-mn053h1b1c09","False","mn053h1b1-DC","mn053h1b1.uhc.com"
"EMCaf5e-0000f-mn053h1b1c08","False","mn053h1b1-DC","mn053h1b1.uhc.com"
"EMCaf5e-00010-mn053h1b1c08","False","mn053h1b1-DC","mn053h1b1.uhc.com"
"EMCaf5e-0000c-mn053h1b1c07","False","mn053h1b1-DC","mn053h1b1.uhc.com"
"EMCaf5e-0000d-mn053h1b1c07","False","mn053h1b1-DC","mn053h1b1.uhc.com"
"EMCcccc-00048-mn053h1b1c06","False","mn053h1b1-DC","mn053h1b1.uhc.com"
"EMCcccc-0004d-mn053h1b1c06","False","mn053h1b1-DC","mn053h1b1.uhc.com"
"EMCcccc-00047-mn053h1b1c06","False","mn053h1b1-DC","mn053h1b1.uhc.com"
"snap-2ca0eb10-EMCaf5e-00030-mn053h1b2c06","False","mn053h1b2-DC","mn053h1b2.uhc.com"
"datastore1 (72)","False","mn053h1b2-DC","mn053h1b2.uhc.com"
"datastore1 (70)","False","mn053h1b2-DC","mn053h1b2.uhc.com"
"datastore1 (67)","False","mn053h1b2-DC","mn053h1b2.uhc.com"
"datastore1 (73)","False","mn053h1b2-DC","mn053h1b2.uhc.com"
"datastore1 (66)","False","mn053h1b2-DC","mn053h1b2.uhc.com"
"datastore1 (65)","False","mn053h1b2-DC","mn053h1b2.uhc.com"
"datastore1 (64)","False","mn053h1b2-DC","mn053h1b2.uhc.com"
"datastore1 (62)","False","mn053h1b2-DC","mn053h1b2.uhc.com"
"datastore1 (61)","False","mn053h1b2-DC","mn053h1b2.uhc.com"
"datastore1 (22)","False","mn053h1b2-DC","mn053h1b2.uhc.com"
"datastore1 (45)","False","mn053h1b2-DC","mn053h1b2.uhc.com"
"datastore1 (38)","False","mn053h1b2-DC","mn053h1b2.uhc.com"
"datastore1 (19)","False","mn053h1b2-DC","mn053h1b2.uhc.com"
"datastore1 (9)","False","mn053h1b2-DC","mn053h1b2.uhc.com"
"datastore1 (69)","False","mn053h1b2-DC","mn053h1b2.uhc.com"
"datastore1 (47)","False","mn053h1b2-DC","mn053h1b2.uhc.com"
"datastore1 (15)","False","mn053h1b2-DC","mn053h1b2.uhc.com"
"DNU-EMCaf5e-0005e-mn053h1b2c10","False","mn053h1b2-DC","mn053h1b2.uhc.com"
"datastore1","False","mn053h1b2-DC","mn053h1b2.uhc.com"
"datastore1 (58)","False","mn053h1b2-DC","mn053h1b2.uhc.com"
"snap-13687d46-EMCaf5e-00031-mn053h1b2c06","False","mn053h1b2-DC","mn053h1b2.uhc.com"
"027881-EMCcccc-00081-mn053h1b2","False","mn053h1b2-DC","mn053h1b2.uhc.com"
"snap-6669d11f-EMCaf5e-00031-mn053h1b2c06","False","mn053h1b2-DC","mn053h1b2.uhc.com"
"datastore1 (14)","False","mn053h1b2-DC","mn053h1b2.uhc.com"
"datastore1 (12)","False","mn053h1b2-DC","mn053h1b2.uhc.com"
"EMCaf5e-00068-mn053h1b2c10","False","mn053h1b2-DC","mn053h1b2.uhc.com"
"027881-EMCcccc-00079-mn053h1b2","False","mn053h1b2-DC","mn053h1b2.uhc.com"
"srmmgmt-EMCaf5e-00067-mn053h1b2c10","False","mn053h1b2-DC","mn053h1b2.uhc.com"
"datastore1 (32)","False","mn053h1b2-DC","mn053h1b2.uhc.com"
"datastore1 (55)","False","mn053h1b2-DC","mn053h1b2.uhc.com"
"datastore1 (31)","False","mn053h1b2-DC","mn053h1b2.uhc.com"
"datastore1 (57)","False","mn053h1b2-DC","mn053h1b2.uhc.com"
"datastore1 (1)","False","mn053h1b2-DC","mn053h1b2.uhc.com"
"datastore1 (3)","False","mn053h1b2-DC","mn053h1b2.uhc.com"
"datastore1 (8)","False","mn053h1b2-DC","mn053h1b2.uhc.com"
"datastore1 (44)","False","mn053h1b2-DC","mn053h1b2.uhc.com"
"datastore1 (53)","False","mn053h1b2-DC","mn053h1b2.uhc.com"
"snap-21f4a307-EMCaf5e-00030-mn053h1b2c06","False","mn053h1b2-DC","mn053h1b2.uhc.com"
"snap-52db50a0-EMCaf5e-00031-mn053h1b2c06","False","mn053h1b2-DC","mn053h1b2.uhc.com"
"datastore1 (21)","False","mn053h1b2-DC","mn053h1b2.uhc.com"
"NFSdontuse","False","mn053h1b2-DC","mn053h1b2.uhc.com"
"snap-11315b6a-EMCaf5e-00030-mn053h1b2c06","False","mn053h1b2-DC","mn053h1b2.uhc.com"
"datastore1 (30)","False","mn053h1b2-DC","mn053h1b2.uhc.com"
"lcm-bundle-repo","False","mn053h1b2-DC","mn053h1b2.uhc.com"
"datastore1 (29)","False","mn053h1b2-DC","mn053h1b2.uhc.com"
"snap-4ab7fe02-EMCaf5e-00031-mn053h1b2c06","False","mn053h1b2-DC","mn053h1b2.uhc.com"
"datastore1 (51)","False","mn053h1b2-DC","mn053h1b2.uhc.com"
"datastore1 (13)","False","mn053h1b2-DC","mn053h1b2.uhc.com"
"snap-1a740373-EMCaf5e-0003c-mn053h1b2c05","False","mn053h1b2-DC","mn053h1b2.uhc.com"
"datastore1 (33)","False","mn053h1b2-DC","mn053h1b2.uhc.com"
"Templates","False","mn053h1b2-DC","mn053h1b2.uhc.com"
"datastore1 (10)","False","mn053h1b2-DC","mn053h1b2.uhc.com"
"datastore1 (49)","False","mn053h1b2-DC","mn053h1b2.uhc.com"
"datastore1 (68)","False","mn053h1b2-DC","mn053h1b2.uhc.com"
"datastore1 (25)","False","mn053h1b2-DC","mn053h1b2.uhc.com"
"datastore1 (16)","False","mn053h1b2-DC","mn053h1b2.uhc.com"
"datastore1 (24)","False","mn053h1b2-DC","mn053h1b2.uhc.com"
"datastore1 (39)","False","mn053h1b2-DC","mn053h1b2.uhc.com"
"datastore1 (4)","False","mn053h1b2-DC","mn053h1b2.uhc.com"
"datastore1 (63)","False","mn053h1b2-DC","mn053h1b2.uhc.com"
"datastore1 (50)","False","mn053h1b2-DC","mn053h1b2.uhc.com"
"datastore1 (5)","False","mn053h1b2-DC","mn053h1b2.uhc.com"
"datastore1 (42)","False","mn053h1b2-DC","mn053h1b2.uhc.com"
"datastore1 (46)","False","mn053h1b2-DC","mn053h1b2.uhc.com"
"datastore1 (52)","False","mn053h1b2-DC","mn053h1b2.uhc.com"
"datastore1 (17)","False","mn053h1b2-DC","mn053h1b2.uhc.com"
"snap-54665046-EMCaf5e-0003c-mn053h1b2c05","False","mn053h1b2-DC","mn053h1b2.uhc.com"
"datastore1 (7)","False","mn053h1b2-DC","mn053h1b2.uhc.com"
"datastore1 (43)","False","mn053h1b2-DC","mn053h1b2.uhc.com"
"datastore1 (59)","False","mn053h1b2-DC","mn053h1b2.uhc.com"
"datastore1 (20)","False","mn053h1b2-DC","mn053h1b2.uhc.com"
"snap-5077435a-EMCaf5e-00030-mn053h1b2c06","False","mn053h1b2-DC","mn053h1b2.uhc.com"
"datastore1 (6)","False","mn053h1b2-DC","mn053h1b2.uhc.com"
"datastore1 (71)","False","mn053h1b2-DC","mn053h1b2.uhc.com"
"datastore1 (2)","False","mn053h1b2-DC","mn053h1b2.uhc.com"
"datastore1 (18)","False","mn053h1b2-DC","mn053h1b2.uhc.com"
"datastore1 (28)","False","mn053h1b2-DC","mn053h1b2.uhc.com"
"datastore1 (60)","False","mn053h1b2-DC","mn053h1b2.uhc.com"
"datastore1 (36)","False","mn053h1b2-DC","mn053h1b2.uhc.com"
"datastore1 (35)","False","mn053h1b2-DC","mn053h1b2.uhc.com"
"datastore1 (34)","False","mn053h1b2-DC","mn053h1b2.uhc.com"
"datastore1 (54)","False","mn053h1b2-DC","mn053h1b2.uhc.com"
"datastore1 (11)","False","mn053h1b2-DC","mn053h1b2.uhc.com"
"datastore1 (37)","False","mn053h1b2-DC","mn053h1b2.uhc.com"
"datastore1 (40)","False","mn053h1b2-DC","mn053h1b2.uhc.com"
"datastore1 (41)","False","mn053h1b2-DC","mn053h1b2.uhc.com"
"datastore1 (27)","False","mn053h1b2-DC","mn053h1b2.uhc.com"
"datastore1 (23)","False","mn053h1b2-DC","mn053h1b2.uhc.com"
"datastore1 (26)","False","mn053h1b2-DC","mn053h1b2.uhc.com"
"datastore1 (48)","False","mn053h1b2-DC","mn053h1b2.uhc.com"
"datastore1 (56)","False","mn053h1b2-DC","mn053h1b2.uhc.com"
"EMC5644-0001f-mn053h1b2c13","False","mn053h1b2-DC","mn053h1b2.uhc.com"
"EMC5644-0001e-mn053h1b2c13","False","mn053h1b2-DC","mn053h1b2.uhc.com"
"EMC5644-00021-mn053h1b2c11","False","mn053h1b2-DC","mn053h1b2.uhc.com"
"EMC5644-0001b-mn053h1b2c11","False","mn053h1b2-DC","mn053h1b2.uhc.com"
"EMCcccc-00075-mn053h1b2c06","False","mn053h1b2-DC","mn053h1b2.uhc.com"
"EMCaf5e-00030-mn053h1b2c06","False","mn053h1b2-DC","mn053h1b2.uhc.com"
"EMCaf5e-00041-mn053h1b2c06","False","mn053h1b2-DC","mn053h1b2.uhc.com"
"EMCaf5e-00031-mn053h1b2c06","False","mn053h1b2-DC","mn053h1b2.uhc.com"
"EMCcccc-00074-mn053h1b2c06","False","mn053h1b2-DC","mn053h1b2.uhc.com"
"EMCaf5e-00040-mn053h1b2c06","False","mn053h1b2-DC","mn053h1b2.uhc.com"
"EMC5644-0001d-mn053h1b2c07","False","mn053h1b2-DC","mn053h1b2.uhc.com"
"EMC5644-0001c-mn053h1b2c07","False","mn053h1b2-DC","mn053h1b2.uhc.com"
"EMCaf5e-00060-mn053h1b2c07","False","mn053h1b2-DC","mn053h1b2.uhc.com"
"EMC5644-0001a-mn053h1b2c07","False","mn053h1b2-DC","mn053h1b2.uhc.com"
"EMCaf5e-00042-mn053h1b2c07","False","mn053h1b2-DC","mn053h1b2.uhc.com"
"EMCaf5e-00047-mn053h1b2c07","False","mn053h1b2-DC","mn053h1b2.uhc.com"
"EMC5644-00018-mn053h1b2c07","False","mn053h1b2-DC","mn053h1b2.uhc.com"
"EMCaf5e-00061-mn053h1b2c07","False","mn053h1b2-DC","mn053h1b2.uhc.com"
"EMCaf5e-00043-mn053h1b2c07","False","mn053h1b2-DC","mn053h1b2.uhc.com"
"EMC5644-00017-mn053h1b2c07","False","mn053h1b2-DC","mn053h1b2.uhc.com"
"EMCaf5e-00035-mn053h1b2c07","False","mn053h1b2-DC","mn053h1b2.uhc.com"
"EMCaf5e-0003f-mn053h1b2c07","False","mn053h1b2-DC","mn053h1b2.uhc.com"
"EMCaf5e-0003e-mn053h1b2c07","False","mn053h1b2-DC","mn053h1b2.uhc.com"
"EMC5644-00019-mn053h1b2c07","False","mn053h1b2-DC","mn053h1b2.uhc.com"
"EMCaf5e-00036-mn053h1b2c07","False","mn053h1b2-DC","mn053h1b2.uhc.com"
"EMCaf5e-00044-mn053h1b2c07","False","mn053h1b2-DC","mn053h1b2.uhc.com"
"EMCcccc-0008a-mn053h1b2c12","False","mn053h1b2-DC","mn053h1b2.uhc.com"
"EMCcccc-00070-mn053h1b2c09","False","mn053h1b2-DC","mn053h1b2.uhc.com"
"EMCcccc-0006f-mn053h1b2c09","False","mn053h1b2-DC","mn053h1b2.uhc.com"
"EMCcccc-0006b-mn053h1b2c08","False","mn053h1b2-DC","mn053h1b2.uhc.com"
"EMCcccc-0006c-mn053h1b2c08","False","mn053h1b2-DC","mn053h1b2.uhc.com"
"EMCcccc-0008b-mn053h1b2c05","False","mn053h1b2-DC","mn053h1b2.uhc.com"
"EMCcccc-00088-mn053h1b2c05","False","mn053h1b2-DC","mn053h1b2.uhc.com"
"EMCaf5e-0002f-mn053h1b2c05","False","mn053h1b2-DC","mn053h1b2.uhc.com"
"EMCcccc-00072-mn053h1b2c05","False","mn053h1b2-DC","mn053h1b2.uhc.com"
"EMCaf5e-0005f-mn053h1b2c05","False","mn053h1b2-DC","mn053h1b2.uhc.com"
"EMCcccc-00073-mn053h1b2c05","False","mn053h1b2-DC","mn053h1b2.uhc.com"
"EMCaf5e-0003d-mn053h1b2c05","False","mn053h1b2-DC","mn053h1b2.uhc.com"
"EMCaf5e-0002e-mn053h1b2c05","False","mn053h1b2-DC","mn053h1b2.uhc.com"
"EMCcccc-00071-mn053h1b2c05","False","mn053h1b2-DC","mn053h1b2.uhc.com"
"EMCaf5e-0003c-mn053h1b2c05","False","mn053h1b2-DC","mn053h1b2.uhc.com"
"EMCcccc-00084-mn053h1b2c05","False","mn053h1b2-DC","mn053h1b2.uhc.com"
"EMCcccc-00087-mn053h1b2c05","False","mn053h1b2-DC","mn053h1b2.uhc.com"
"EMCaf5e-00020-mn053h1b2c04","False","mn053h1b2-DC","mn053h1b2.uhc.com"
"EMCaf5e-00021-mn053h1b2c04","False","mn053h1b2-DC","mn053h1b2.uhc.com"
"EMCaf5e-0002c-mn053h1b2c03","False","mn053h1b2-DC","mn053h1b2.uhc.com"
"EMCcccc-0007e-mn053h1b2c03","False","mn053h1b2-DC","mn053h1b2.uhc.com"
"EMCaf5e-00045-mn053h1b2c03","False","mn053h1b2-DC","mn053h1b2.uhc.com"
"EMCaf5e-0000b-mn053h1b2c03","False","mn053h1b2-DC","mn053h1b2.uhc.com"
"EMCaf5e-0000a-mn053h1b2c03","False","mn053h1b2-DC","mn053h1b2.uhc.com"
"EMCaf5e-00016-mn053h1b2c03","False","mn053h1b2-DC","mn053h1b2.uhc.com"
"EMCaf5e-00046-mn053h1b2c03","False","mn053h1b2-DC","mn053h1b2.uhc.com"
"EMCaf5e-00011-mn053h1b2c03","False","mn053h1b2-DC","mn053h1b2.uhc.com"
"EMCaf5e-0002a-mn053h1b2c03","False","mn053h1b2-DC","mn053h1b2.uhc.com"
"EMCaf5e-00012-mn053h1b2c03","False","mn053h1b2-DC","mn053h1b2.uhc.com"
"EMCaf5e-00038-mn053h1b2c03","False","mn053h1b2-DC","mn053h1b2.uhc.com"
"EMCaf5e-0004a-mn053h1b2c03","False","mn053h1b2-DC","mn053h1b2.uhc.com"
"EMCaf5e-00003-mn053h1b2c03","False","mn053h1b2-DC","mn053h1b2.uhc.com"
"EMCaf5e-0001e-mn053h1b2c03","False","mn053h1b2-DC","mn053h1b2.uhc.com"
"EMCaf5e-00004-mn053h1b2c03","False","mn053h1b2-DC","mn053h1b2.uhc.com"
"EMCcccc-00078-mn053h1b2c03","False","mn053h1b2-DC","mn053h1b2.uhc.com"
"EMCaf5e-0000e-mn053h1b2c03","False","mn053h1b2-DC","mn053h1b2.uhc.com"
"EMCcccc-0006d-mn053h1b2c03","False","mn053h1b2-DC","mn053h1b2.uhc.com"
"EMCaf5e-0001d-mn053h1b2c03","False","mn053h1b2-DC","mn053h1b2.uhc.com"
"EMCaf5e-0001c-mn053h1b2c03","False","mn053h1b2-DC","mn053h1b2.uhc.com"
"EMCaf5e-0001f-mn053h1b2c03","False","mn053h1b2-DC","mn053h1b2.uhc.com"
"EMCcccc-0006e-mn053h1b2c03","False","mn053h1b2-DC","mn053h1b2.uhc.com"
"EMCaf5e-00009-mn053h1b2c03","False","mn053h1b2-DC","mn053h1b2.uhc.com"
"EMCcccc-00077-mn053h1b2c03","False","mn053h1b2-DC","mn053h1b2.uhc.com"
"EMCaf5e-00037-mn053h1b2c03","False","mn053h1b2-DC","mn053h1b2.uhc.com"
"EMCaf5e-00034-mn053h1b2c03","False","mn053h1b2-DC","mn053h1b2.uhc.com"
"EMCaf5e-00017-mn053h1b2c03","False","mn053h1b2-DC","mn053h1b2.uhc.com"
"EMCcccc-0007f-mn053h1b2c03","False","mn053h1b2-DC","mn053h1b2.uhc.com"
"EMCcccc-0008c-mn053h1b2c02","False","mn053h1b2-DC","mn053h1b2.uhc.com"
"EMCaf5e-00032-mn053h1b2c02","False","mn053h1b2-DC","mn053h1b2.uhc.com"
"EMCaf5e-00002-mn053h1b2c02","False","mn053h1b2-DC","mn053h1b2.uhc.com"
"EMCaf5e-00001-mn053h1b2c02","False","mn053h1b2-DC","mn053h1b2.uhc.com"
"EMCcccc-0008d-mn053h1b2c02","False","mn053h1b2-DC","mn053h1b2.uhc.com"
"EMCaf5e-00023-mn053h1b2c02","False","mn053h1b2-DC","mn053h1b2.uhc.com"
"EMCaf5e-00025-mn053h1b2c02","False","mn053h1b2-DC","mn053h1b2.uhc.com"
"EMCaf5e-0001b-mn053h1b2c02","False","mn053h1b2-DC","mn053h1b2.uhc.com"
"EMCaf5e-0002d-mn053h1b2c02","False","mn053h1b2-DC","mn053h1b2.uhc.com"
"EMCaf5e-0003a-mn053h1b2c02","False","mn053h1b2-DC","mn053h1b2.uhc.com"
"EMCcccc-0007a-mn053h1b2c02","False","mn053h1b2-DC","mn053h1b2.uhc.com"
"EMCaf5e-00033-mn053h1b2c02","False","mn053h1b2-DC","mn053h1b2.uhc.com"
"EMCaf5e-0003b-mn053h1b2c02","False","mn053h1b2-DC","mn053h1b2.uhc.com"
"EMCaf5e-0002b-mn053h1b2c02","False","mn053h1b2-DC","mn053h1b2.uhc.com"
"EMCaf5e-00028-mn053h1b2c02","False","mn053h1b2-DC","mn053h1b2.uhc.com"
"EMCaf5e-00026-mn053h1b2c02","False","mn053h1b2-DC","mn053h1b2.uhc.com"
"EMCaf5e-00024-mn053h1b2c02","False","mn053h1b2-DC","mn053h1b2.uhc.com"
"EMCaf5e-00039-mn053h1b2c02","False","mn053h1b2-DC","mn053h1b2.uhc.com"
"EMCaf5e-0001a-mn053h1b2c02","False","mn053h1b2-DC","mn053h1b2.uhc.com"
"EMCaf5e-00013-mn053h1b2c02","False","mn053h1b2-DC","mn053h1b2.uhc.com"
"EMCaf5e-00027-mn053h1b2c02","False","mn053h1b2-DC","mn053h1b2.uhc.com"
"EMCaf5e-00029-mn053h1b2c02","False","mn053h1b2-DC","mn053h1b2.uhc.com"
"EMCcccc-0008e-mn053h1b2c01","False","mn053h1b2-DC","mn053h1b2.uhc.com"
"EMCcccc-00086-mn053h1b2c01","False","mn053h1b2-DC","mn053h1b2.uhc.com"
"EMCcccc-0007b-mn053h1b2c01","False","mn053h1b2-DC","mn053h1b2.uhc.com"
"EMCcccc-00050-mn053h1b2c01","False","mn053h1b2-DC","mn053h1b2.uhc.com"
"EMCcccc-00085-mn053h1b2c01","False","mn053h1b2-DC","mn053h1b2.uhc.com"
"EMCcccc-0007c-mn053h1b2c01","False","mn053h1b2-DC","mn053h1b2.uhc.com"
"EMCcccc-0006a-mn053h1b2c01","False","mn053h1b2-DC","mn053h1b2.uhc.com"
"EMCcccc-00068-mn053h1b2c01","False","mn053h1b2-DC","mn053h1b2.uhc.com"
"EMCcccc-0007d-mn053h1b2c01","False","mn053h1b2-DC","mn053h1b2.uhc.com"
"EMCcccc-00052-mn053h1b2c01","False","mn053h1b2-DC","mn053h1b2.uhc.com"
"EMCcccc-00083-mn053h1b2c01","False","mn053h1b2-DC","mn053h1b2.uhc.com"
"EMCcccc-00076-mn053h1b2c01","False","mn053h1b2-DC","mn053h1b2.uhc.com"
"EMCcccc-00069-mn053h1b2c01","False","mn053h1b2-DC","mn053h1b2.uhc.com"
"EMCcccc-00051-mn053h1b2c01","False","mn053h1b2-DC","mn053h1b2.uhc.com"
"EMCcccc-00082-mn053h1b2c01","False","mn053h1b2-DC","mn053h1b2.uhc.com"
"AREP-EMCaf5e-00074-mn053h1b2c10","False","mn053h1b2-DC","mn053h1b2.uhc.com"
"AREP-EMCaf5e-00073-mn053h1b2c10","False","mn053h1b2-DC","mn053h1b2.uhc.com"
