vCenter,host,Summary
rz403mn011v2gc.uhc.com,fsstage3.uhc.com,Syslog Remote Logging redirection is configured but not enabled for host fsstage3.uhc.com 
rz006mn011v3hv.uhc.com,mn011-2hz1-09s02.uhc.com,Syslog Remote Logging redirection is configured but not enabled for host mn011-2hz1-09s02.uhc.com 
rz006mn011v3hv.uhc.com,mn011-2hz1-09s03.uhc.com,Syslog Remote Logging redirection is configured but not enabled for host mn011-2hz1-09s03.uhc.com 
rz006mn011v3hv.uhc.com,mn011-2hz1-09s05.uhc.com,Syslog Remote Logging redirection is configured but not enabled for host mn011-2hz1-09s05.uhc.com 
rz006mn011v3hv.uhc.com,mn011-2hz1-09s06.uhc.com,Syslog Remote Logging redirection is configured but not enabled for host mn011-2hz1-09s06.uhc.com 
rz006mn011v3hv.uhc.com,mn011-2hz1-10s02.uhc.com,Syslog Remote Logging redirection is configured but not enabled for host mn011-2hz1-10s02.uhc.com 
rz006mn011v3hv.uhc.com,mn011-2hz1-10s03.uhc.com,Syslog Remote Logging redirection is configured but not enabled for host mn011-2hz1-10s03.uhc.com 
rz006mn011v3hv.uhc.com,mn011-2hz1-10s05.uhc.com,Syslog Remote Logging redirection is configured but not enabled for host mn011-2hz1-10s05.uhc.com 
rz006mn011v3hv.uhc.com,mn011-2hz1-10s06.uhc.com,Syslog Remote Logging redirection is configured but not enabled for host mn011-2hz1-10s06.uhc.com 
rz006mn011v2gc.uhc.com,mn011-5hz1-03s03.uhc.com,Syslog Remote Logging redirection is configured but not enabled for host mn011-5hz1-03s03.uhc.com 
rz006mn011v2gc.uhc.com,mn011-5hz1-03s04.uhc.com,Syslog Remote Logging redirection is configured but not enabled for host mn011-5hz1-03s04.uhc.com 
rz006mn011v2gc.uhc.com,mn011-5hz1-03s05.uhc.com,Syslog Remote Logging redirection is configured but not enabled for host mn011-5hz1-03s05.uhc.com 
rz006mn011v2gc.uhc.com,mn011-5hz1-03s18.uhc.com,Syslog Remote Logging redirection is configured but not enabled for host mn011-5hz1-03s18.uhc.com 
rz006mn011v2gc.uhc.com,mn011-5hz1-03s19.uhc.com,Syslog Remote Logging redirection is configured but not enabled for host mn011-5hz1-03s19.uhc.com 
rz006mn011v2gc.uhc.com,mn011-5hz1-03s20.uhc.com,Syslog Remote Logging redirection is configured but not enabled for host mn011-5hz1-03s20.uhc.com 
rz006mn011v2gc.uhc.com,mn011-5hz1-03s33.uhc.com,Syslog Remote Logging redirection is configured but not enabled for host mn011-5hz1-03s33.uhc.com 
rz006mn011v2gc.uhc.com,mn011-5hz1-03s34.uhc.com,Syslog Remote Logging redirection is configured but not enabled for host mn011-5hz1-03s34.uhc.com 
rz006mn011v2gc.uhc.com,mn011-5hz1-03s35.uhc.com,Syslog Remote Logging redirection is configured but not enabled for host mn011-5hz1-03s35.uhc.com 
rz006mn011v2gc.uhc.com,mn011-5hz1-04s02.uhc.com,Syslog Remote Logging redirection is configured but not enabled for host mn011-5hz1-04s02.uhc.com 
rz006mn011v2gc.uhc.com,mn011-5hz1-04s03.uhc.com,Syslog Remote Logging redirection is configured but not enabled for host mn011-5hz1-04s03.uhc.com 
rz006mn011v2gc.uhc.com,mn011-5hz1-04s04.uhc.com,Syslog Remote Logging redirection is configured but not enabled for host mn011-5hz1-04s04.uhc.com 
rz006mn011v2gc.uhc.com,mn011-5hz1-04s05.uhc.com,Syslog Remote Logging redirection is configured but not enabled for host mn011-5hz1-04s05.uhc.com 
rz006mn011v2gc.uhc.com,mn011-5hz1-04s18.uhc.com,Syslog Remote Logging redirection is configured but not enabled for host mn011-5hz1-04s18.uhc.com 
rz006mn011v2gc.uhc.com,mn011-5hz1-04s19.uhc.com,Syslog Remote Logging redirection is configured but not enabled for host mn011-5hz1-04s19.uhc.com 
rz006mn011v2gc.uhc.com,mn011-5hz1-04s20.uhc.com,Syslog Remote Logging redirection is configured but not enabled for host mn011-5hz1-04s20.uhc.com 
rz006mn011v2gc.uhc.com,mn011-5hz1-04s23.uhc.com,Syslog Remote Logging redirection is configured but not enabled for host mn011-5hz1-04s23.uhc.com 
rz006mn011v2gc.uhc.com,mn011-5hz1-04s33.uhc.com,Syslog Remote Logging redirection is configured but not enabled for host mn011-5hz1-04s33.uhc.com 
rz006mn011v2gc.uhc.com,mn011-5hz1-04s34.uhc.com,Syslog Remote Logging redirection is configured but not enabled for host mn011-5hz1-04s34.uhc.com 
rz006mn011v2gc.uhc.com,mn011-5hz1-05s02.uhc.com,Syslog Remote Logging redirection is configured but not enabled for host mn011-5hz1-05s02.uhc.com 
rz006mn011v2gc.uhc.com,mn011-5hz1-05s03.uhc.com,Syslog Remote Logging redirection is configured but not enabled for host mn011-5hz1-05s03.uhc.com 
rz006mn011v2gc.uhc.com,mn011-5hz1-05s04.uhc.com,Syslog Remote Logging redirection is configured but not enabled for host mn011-5hz1-05s04.uhc.com 
rz006mn011v2gc.uhc.com,mn011-5hz1-05s07.uhc.com,Syslog Remote Logging redirection is configured but not enabled for host mn011-5hz1-05s07.uhc.com 
rz006mn011v2gc.uhc.com,mn011-5hz1-05s17.uhc.com,Syslog Remote Logging redirection is configured but not enabled for host mn011-5hz1-05s17.uhc.com 
rz006mn011v2gc.uhc.com,mn011-5hz1-05s18.uhc.com,Syslog Remote Logging redirection is configured but not enabled for host mn011-5hz1-05s18.uhc.com 
rz006mn011v2gc.uhc.com,mn011-5hz1-05s19.uhc.com,Syslog Remote Logging redirection is configured but not enabled for host mn011-5hz1-05s19.uhc.com 
rz006mn011v2gc.uhc.com,mn011-5hz1-05s20.uhc.com,Syslog Remote Logging redirection is configured but not enabled for host mn011-5hz1-05s20.uhc.com 
rz006mn011v2gc.uhc.com,mn011-5hz1-06s03.uhc.com,Syslog Remote Logging redirection is configured but not enabled for host mn011-5hz1-06s03.uhc.com 
rz006mn011v2gc.uhc.com,mn011-5hz1-06s04.uhc.com,Syslog Remote Logging redirection is configured but not enabled for host mn011-5hz1-06s04.uhc.com 
rz006mn011v2gc.uhc.com,mn011-5hz1-06s19.uhc.com,Syslog Remote Logging redirection is configured but not enabled for host mn011-5hz1-06s19.uhc.com 
rz006mn011v2gc.uhc.com,mn011-5hz1-06s33.uhc.com,Syslog Remote Logging redirection is configured but not enabled for host mn011-5hz1-06s33.uhc.com 
rz403mn011v2gc.uhc.com,ucsii747s01.uhc.com,Syslog Remote Logging redirection is configured but not enabled for host ucsii747s01.uhc.com 
rz403mn011v2gc.uhc.com,ucsii747s02.uhc.com,Syslog Remote Logging redirection is configured but not enabled for host ucsii747s02.uhc.com 
rz403mn011v2gc.uhc.com,ucsii747s03.uhc.com,Syslog Remote Logging redirection is configured but not enabled for host ucsii747s03.uhc.com 
rz403mn011v2gc.uhc.com,ucsii747s05.uhc.com,Syslog Remote Logging redirection is configured but not enabled for host ucsii747s05.uhc.com 
rz403mn011v2gc.uhc.com,ucsii747s06.uhc.com,Syslog Remote Logging redirection is configured but not enabled for host ucsii747s06.uhc.com 
rz403mn011v2gc.uhc.com,ucsii747s07.uhc.com,Syslog Remote Logging redirection is configured but not enabled for host ucsii747s07.uhc.com 
rz403mn011v2gc.uhc.com,ucsii747s08.uhc.com,Syslog Remote Logging redirection is configured but not enabled for host ucsii747s08.uhc.com 
rz403mn011v2gc.uhc.com,ucsii757s01.uhc.com,Syslog Remote Logging redirection is configured but not enabled for host ucsii757s01.uhc.com 
rz403mn011v2gc.uhc.com,ucsii757s02.uhc.com,Syslog Remote Logging redirection is configured but not enabled for host ucsii757s02.uhc.com 
rz403mn011v2gc.uhc.com,ucsii757s03.uhc.com,Syslog Remote Logging redirection is configured but not enabled for host ucsii757s03.uhc.com 
rz403mn011v2gc.uhc.com,ucsii757s04.uhc.com,Syslog Remote Logging redirection is configured but not enabled for host ucsii757s04.uhc.com 
rz403mn011v2gc.uhc.com,ucsii757s05.uhc.com,Syslog Remote Logging redirection is configured but not enabled for host ucsii757s05.uhc.com 
rz403mn011v2gc.uhc.com,ucsii757s06.uhc.com,Syslog Remote Logging redirection is configured but not enabled for host ucsii757s06.uhc.com 
rz403mn011v2gc.uhc.com,ucsii757s07.uhc.com,Syslog Remote Logging redirection is configured but not enabled for host ucsii757s07.uhc.com 
rz403mn011v2gc.uhc.com,ucsii757s08.uhc.com,Syslog Remote Logging redirection is configured but not enabled for host ucsii757s08.uhc.com 
rz403mn011v2gc.uhc.com,ucsir777s01.uhc.com,Syslog Remote Logging redirection is configured but not enabled for host ucsir777s01.uhc.com 
rz403mn011v2gc.uhc.com,ucsir777s02.uhc.com,Syslog Remote Logging redirection is configured but not enabled for host ucsir777s02.uhc.com 
rz403mn011v2gc.uhc.com,ucsir777s03.uhc.com,Syslog Remote Logging redirection is configured but not enabled for host ucsir777s03.uhc.com 
rz403mn011v2gc.uhc.com,ucsir777s04.uhc.com,Syslog Remote Logging redirection is configured but not enabled for host ucsir777s04.uhc.com 
rz403mn011v2gc.uhc.com,us08se01-nic1.epichearing.local,Syslog Remote Logging redirection is configured but not enabled for host us08se01-nic1.epichearing.local 
rz403mn011v2gc.uhc.com,us08se02-nic1.epichearing.local,Syslog Remote Logging redirection is configured but not enabled for host us08se02-nic1.epichearing.local 
apsep5548.ms.ds.uhc.com,vsmeh5020.uhc.com,Syslog Remote Logging redirection is configured but not enabled for host vsmeh5020.uhc.com 
apsep5548.ms.ds.uhc.com,vsmeh5050.uhc.com,Syslog Remote Logging redirection is configured but not enabled for host vsmeh5050.uhc.com 
apsep5548.ms.ds.uhc.com,vsmeh5086.uhc.com,Syslog Remote Logging redirection is configured but not enabled for host vsmeh5086.uhc.com 
apsep5548.ms.ds.uhc.com,vsmeh5172.uhc.com,Syslog Remote Logging redirection is configured but not enabled for host vsmeh5172.uhc.com 
apsep5548.ms.ds.uhc.com,vsmeh5262.uhc.com,Syslog Remote Logging redirection is configured but not enabled for host vsmeh5262.uhc.com 
apsep5548.ms.ds.uhc.com,vsmeh5267.uhc.com,Syslog Remote Logging redirection is configured but not enabled for host vsmeh5267.uhc.com 
apsep5548.ms.ds.uhc.com,vsmeh5275.uhc.com,Syslog Remote Logging redirection is configured but not enabled for host vsmeh5275.uhc.com 
apsep5548.ms.ds.uhc.com,vsmeh5276.uhc.com,Syslog Remote Logging redirection is configured but not enabled for host vsmeh5276.uhc.com 
apsep5548.ms.ds.uhc.com,vsmeh5277.uhc.com,Syslog Remote Logging redirection is configured but not enabled for host vsmeh5277.uhc.com 
apsep5548.ms.ds.uhc.com,vsmeh5279.uhc.com,Syslog Remote Logging redirection is configured but not enabled for host vsmeh5279.uhc.com 
mn011h1a2.uhc.com,mn011-1hz1-02s28.uhc.com,Syslog Remote Logging redirection is configured but not enabled for host mn011-1hz1-02s28.uhc.com 
mn011h1b1.uhc.com,mn011-4hz1-01s01.uhc.com,Syslog Remote Logging redirection is configured but not enabled for host mn011-4hz1-01s01.uhc.com 
mn011h1b1.uhc.com,mn011-4hz1-01s02.uhc.com,Syslog Remote Logging redirection is configured but not enabled for host mn011-4hz1-01s02.uhc.com 
mn011h1b1.uhc.com,mn011-4hz1-01s03.uhc.com,Syslog Remote Logging redirection is configured but not enabled for host mn011-4hz1-01s03.uhc.com 
mn011h1b1.uhc.com,mn011-4hz1-02s01.uhc.com,Syslog Remote Logging redirection is configured but not enabled for host mn011-4hz1-02s01.uhc.com 
mn011h1b1.uhc.com,mn011-4hz1-02s02.uhc.com,Syslog Remote Logging redirection is configured but not enabled for host mn011-4hz1-02s02.uhc.com 
mn011h1b1.uhc.com,mn011-4hz1-02s03.uhc.com,Syslog Remote Logging redirection is configured but not enabled for host mn011-4hz1-02s03.uhc.com 
mn011h1b1.uhc.com,mn011-4hz1-03s01.uhc.com,Syslog Remote Logging redirection is configured but not enabled for host mn011-4hz1-03s01.uhc.com 
mn011h1b1.uhc.com,mn011-4hz1-03s02.uhc.com,Syslog Remote Logging redirection is configured but not enabled for host mn011-4hz1-03s02.uhc.com 
mn011h1b1.uhc.com,mn011-4hz1-04s01.uhc.com,Syslog Remote Logging redirection is configured but not enabled for host mn011-4hz1-04s01.uhc.com 
mn011h1b1.uhc.com,mn011-4hz1-04s02.uhc.com,Syslog Remote Logging redirection is configured but not enabled for host mn011-4hz1-04s02.uhc.com 
mn011h1a2.uhc.com,mn011-5hz1-06s39.uhc.com,Syslog Remote Logging redirection is configured but not enabled for host mn011-5hz1-06s39.uhc.com 
mn053h1u2.uhc.com,mn053-2hz1-01s06.uhc.com,Syslog Remote Logging redirection is configured but not enabled for host mn053-2hz1-01s06.uhc.com 
mn053h1u0.uhc.com,mn053-2hz1-01s16.uhc.com,Syslog Remote Logging redirection is configured but not enabled for host mn053-2hz1-01s16.uhc.com 
mn053h1u2.uhc.com,mn053-2hz1-01s22.uhc.com,Syslog Remote Logging redirection is configured but not enabled for host mn053-2hz1-01s22.uhc.com 
mn053h1u0.uhc.com,mn053-2hz1-01s32.uhc.com,Syslog Remote Logging redirection is configured but not enabled for host mn053-2hz1-01s32.uhc.com 
mn053h1u2.uhc.com,mn053-2hz1-01s33.uhc.com,Syslog Remote Logging redirection is configured but not enabled for host mn053-2hz1-01s33.uhc.com 
mn053h1u0.uhc.com,mn053-2hz1-01s45.uhc.com,Syslog Remote Logging redirection is configured but not enabled for host mn053-2hz1-01s45.uhc.com 
mn053h1u0.uhc.com,mn053-2hz1-01s46.uhc.com,Syslog Remote Logging redirection is configured but not enabled for host mn053-2hz1-01s46.uhc.com 
mn053h1b2.uhc.com,mn053-2hz1-03s33.uhc.com,Syslog Remote Logging redirection is configured but not enabled for host mn053-2hz1-03s33.uhc.com 
mn011h1a3.uhc.com,mn011-1hz1-02s03.uhc.com,Syslog Remote Logging redirection is not configured for host mn011-1hz1-02s03.uhc.com 
mn053h1u2.uhc.com,mn053-2hz1-01s18.uhc.com,Syslog Remote Logging redirection is not configured for host mn053-2hz1-01s18.uhc.com 
apsep5548.ms.ds.uhc.com,vsmeh5280.uhc.com,Syslog Remote Logging redirection is configured but not enabled for host vsmeh5280.uhc.com 
apsep5548.ms.ds.uhc.com,vsmeh5294.uhc.com,Syslog Remote Logging redirection is configured but not enabled for host vsmeh5294.uhc.com 
apsep5548.ms.ds.uhc.com,vsmeh5296.uhc.com,Syslog Remote Logging redirection is configured but not enabled for host vsmeh5296.uhc.com 
apsep5548.ms.ds.uhc.com,vsmeh5297.uhc.com,Syslog Remote Logging redirection is configured but not enabled for host vsmeh5297.uhc.com 
apsep5548.ms.ds.uhc.com,vsmeh5299.uhc.com,Syslog Remote Logging redirection is configured but not enabled for host vsmeh5299.uhc.com 
apsep5548.ms.ds.uhc.com,vsmeh5300.uhc.com,Syslog Remote Logging redirection is configured but not enabled for host vsmeh5300.uhc.com 
apsep5548.ms.ds.uhc.com,vsmeh5301.uhc.com,Syslog Remote Logging redirection is configured but not enabled for host vsmeh5301.uhc.com 
apsep5548.ms.ds.uhc.com,vsmeh5302.uhc.com,Syslog Remote Logging redirection is configured but not enabled for host vsmeh5302.uhc.com 
apsep5548.ms.ds.uhc.com,vsmeh5303.uhc.com,Syslog Remote Logging redirection is configured but not enabled for host vsmeh5303.uhc.com 
apsep5548.ms.ds.uhc.com,vsmeh5304.uhc.com,Syslog Remote Logging redirection is configured but not enabled for host vsmeh5304.uhc.com 
apsep5548.ms.ds.uhc.com,vsmeh5305.uhc.com,Syslog Remote Logging redirection is configured but not enabled for host vsmeh5305.uhc.com 
apsep5548.ms.ds.uhc.com,vsmeh5306.uhc.com,Syslog Remote Logging redirection is configured but not enabled for host vsmeh5306.uhc.com 
apsep5548.ms.ds.uhc.com,vsmeh5309.uhc.com,Syslog Remote Logging redirection is configured but not enabled for host vsmeh5309.uhc.com 
apsep5548.ms.ds.uhc.com,vsmeh5312.uhc.com,Syslog Remote Logging redirection is configured but not enabled for host vsmeh5312.uhc.com 
apsep5548.ms.ds.uhc.com,vsmeh5324.uhc.com,Syslog Remote Logging redirection is configured but not enabled for host vsmeh5324.uhc.com 
apsep5548.ms.ds.uhc.com,vsmeh5332.uhc.com,Syslog Remote Logging redirection is configured but not enabled for host vsmeh5332.uhc.com 
apsep5548.ms.ds.uhc.com,vsmeh5335.uhc.com,Syslog Remote Logging redirection is configured but not enabled for host vsmeh5335.uhc.com 
apsep5548.ms.ds.uhc.com,vsmeh5336.uhc.com,Syslog Remote Logging redirection is configured but not enabled for host vsmeh5336.uhc.com 
apsep5548.ms.ds.uhc.com,vsmeh5341.uhc.com,Syslog Remote Logging redirection is configured but not enabled for host vsmeh5341.uhc.com 
apsep5548.ms.ds.uhc.com,vsmeh5342.uhc.com,Syslog Remote Logging redirection is configured but not enabled for host vsmeh5342.uhc.com 
apsep5548.ms.ds.uhc.com,vsmeh5343.uhc.com,Syslog Remote Logging redirection is configured but not enabled for host vsmeh5343.uhc.com 
apsep5548.ms.ds.uhc.com,vsmeh5344.uhc.com,Syslog Remote Logging redirection is configured but not enabled for host vsmeh5344.uhc.com 
apsep5548.ms.ds.uhc.com,vsmeh5345.uhc.com,Syslog Remote Logging redirection is configured but not enabled for host vsmeh5345.uhc.com 
apsep5548.ms.ds.uhc.com,vsmeh5346.uhc.com,Syslog Remote Logging redirection is configured but not enabled for host vsmeh5346.uhc.com 
apsep5548.ms.ds.uhc.com,vsmeh5347.uhc.com,Syslog Remote Logging redirection is configured but not enabled for host vsmeh5347.uhc.com 
apsep5548.ms.ds.uhc.com,vsmeh5351.uhc.com,Syslog Remote Logging redirection is configured but not enabled for host vsmeh5351.uhc.com 
apsep5548.ms.ds.uhc.com,vsmeh5352.uhc.com,Syslog Remote Logging redirection is configured but not enabled for host vsmeh5352.uhc.com 
apsep5548.ms.ds.uhc.com,vsmeh5360.uhc.com,Syslog Remote Logging redirection is configured but not enabled for host vsmeh5360.uhc.com 
apsep5548.ms.ds.uhc.com,vsmeh5361.uhc.com,Syslog Remote Logging redirection is configured but not enabled for host vsmeh5361.uhc.com 
apsep5548.ms.ds.uhc.com,vsmeh5362.uhc.com,Syslog Remote Logging redirection is configured but not enabled for host vsmeh5362.uhc.com 
apsep5548.ms.ds.uhc.com,vsmeh5364.uhc.com,Syslog Remote Logging redirection is configured but not enabled for host vsmeh5364.uhc.com 
APSEP7593.ms.ds.uhc.com,vsmep0432.uhc.com,Syslog Remote Logging redirection is configured but not enabled for host vsmep0432.uhc.com 
rzv01mn053v3hv.uhc.com,vsmep1987.uhc.com,Syslog Remote Logging redirection is configured but not enabled for host vsmep1987.uhc.com 
rzv01mn053v3hv.uhc.com,vsmep1988.uhc.com,Syslog Remote Logging redirection is configured but not enabled for host vsmep1988.uhc.com 
rzv01mn053v3hv.uhc.com,vsmep1989.uhc.com,Syslog Remote Logging redirection is configured but not enabled for host vsmep1989.uhc.com 
rzv01mn053v3hv.uhc.com,vsmep1990.uhc.com,Syslog Remote Logging redirection is configured but not enabled for host vsmep1990.uhc.com 
rzv01mn053v3hv.uhc.com,vsmep1991.uhc.com,Syslog Remote Logging redirection is configured but not enabled for host vsmep1991.uhc.com 
rzv01mn053v3hv.uhc.com,vsmep1992.uhc.com,Syslog Remote Logging redirection is configured but not enabled for host vsmep1992.uhc.com 
rzv01mn053v3hv.uhc.com,vsmep1993.uhc.com,Syslog Remote Logging redirection is configured but not enabled for host vsmep1993.uhc.com 
rzv01mn053v3hv.uhc.com,vsmep1994.uhc.com,Syslog Remote Logging redirection is configured but not enabled for host vsmep1994.uhc.com 
rzv01mn053v3hv.uhc.com,vsmep1995.uhc.com,Syslog Remote Logging redirection is configured but not enabled for host vsmep1995.uhc.com 
rzv01mn053v3hv.uhc.com,vsmep1996.uhc.com,Syslog Remote Logging redirection is configured but not enabled for host vsmep1996.uhc.com 
rzv01mn053v3hv.uhc.com,vsmep1997.uhc.com,Syslog Remote Logging redirection is configured but not enabled for host vsmep1997.uhc.com 
rzv01mn053v3hv.uhc.com,vsmep1998.uhc.com,Syslog Remote Logging redirection is configured but not enabled for host vsmep1998.uhc.com 
rzv01mn053v3hv.uhc.com,vsmep1999.uhc.com,Syslog Remote Logging redirection is configured but not enabled for host vsmep1999.uhc.com 
rzv01mn053v3hv.uhc.com,vsmep2000.uhc.com,Syslog Remote Logging redirection is configured but not enabled for host vsmep2000.uhc.com 
rzv01mn053v3hv.uhc.com,vsmep2001.uhc.com,Syslog Remote Logging redirection is configured but not enabled for host vsmep2001.uhc.com 
rzv01mn053v3hv.uhc.com,vsmep2002.uhc.com,Syslog Remote Logging redirection is configured but not enabled for host vsmep2002.uhc.com 
rzv01mn053v3hv.uhc.com,vsmep2003.uhc.com,Syslog Remote Logging redirection is configured but not enabled for host vsmep2003.uhc.com 
rzv01mn053v3hv.uhc.com,vsmep2004.uhc.com,Syslog Remote Logging redirection is configured but not enabled for host vsmep2004.uhc.com 
rzv01mn053v3hv.uhc.com,vsmep2005.uhc.com,Syslog Remote Logging redirection is configured but not enabled for host vsmep2005.uhc.com 
rzv01mn053v3hv.uhc.com,vsmep2006.uhc.com,Syslog Remote Logging redirection is configured but not enabled for host vsmep2006.uhc.com 
rzv01mn053v3hv.uhc.com,vsmep2007.uhc.com,Syslog Remote Logging redirection is configured but not enabled for host vsmep2007.uhc.com 
rzv01mn053v3hv.uhc.com,vsmep2008.uhc.com,Syslog Remote Logging redirection is configured but not enabled for host vsmep2008.uhc.com 
rzv01mn053v3hv.uhc.com,vsmep2009.uhc.com,Syslog Remote Logging redirection is configured but not enabled for host vsmep2009.uhc.com 
rzv01mn053v3hv.uhc.com,vsmep2010.uhc.com,Syslog Remote Logging redirection is configured but not enabled for host vsmep2010.uhc.com 
rzv01mn053v3hv.uhc.com,vsmep2011.uhc.com,Syslog Remote Logging redirection is configured but not enabled for host vsmep2011.uhc.com 
rzv01mn053v3hv.uhc.com,vsmep2012.uhc.com,Syslog Remote Logging redirection is configured but not enabled for host vsmep2012.uhc.com 
rzv01mn053v3hv.uhc.com,vsmep2013.uhc.com,Syslog Remote Logging redirection is configured but not enabled for host vsmep2013.uhc.com 
rzv01mn053v3hv.uhc.com,vsmep2014.uhc.com,Syslog Remote Logging redirection is configured but not enabled for host vsmep2014.uhc.com 
rzv01mn053v3hv.uhc.com,vsmep2015.uhc.com,Syslog Remote Logging redirection is configured but not enabled for host vsmep2015.uhc.com 
rzv01mn053v3hv.uhc.com,vsmep2016.uhc.com,Syslog Remote Logging redirection is configured but not enabled for host vsmep2016.uhc.com 
rzv01mn053v3hv.uhc.com,vsmep2017.uhc.com,Syslog Remote Logging redirection is configured but not enabled for host vsmep2017.uhc.com 
rzv01mn053v3hv.uhc.com,vsmep2018.uhc.com,Syslog Remote Logging redirection is configured but not enabled for host vsmep2018.uhc.com 
rz002mn053v2gc.uhc.com,vsmep2267.uhc.com,Syslog Remote Logging redirection is configured but not enabled for host vsmep2267.uhc.com 
rz403mn011v2gc.uhc.com,vsmep2706.uhc.com,Syslog Remote Logging redirection is configured but not enabled for host vsmep2706.uhc.com 
rz403mn011v2gc.uhc.com,vsmep2728.uhc.com,Syslog Remote Logging redirection is configured but not enabled for host vsmep2728.uhc.com 
rz403mn011v2gc.uhc.com,vsmep2745.uhc.com,Syslog Remote Logging redirection is configured but not enabled for host vsmep2745.uhc.com 
rz403mn011v2gc.uhc.com,vsmep3272.uhc.com,Syslog Remote Logging redirection is configured but not enabled for host vsmep3272.uhc.com 
rz403mn011v2gc.uhc.com,vsmep3310.uhc.com,Syslog Remote Logging redirection is configured but not enabled for host vsmep3310.uhc.com 
rz403mn011v2gc.uhc.com,vsmep3312.uhc.com,Syslog Remote Logging redirection is configured but not enabled for host vsmep3312.uhc.com 
rz003mn011v2gc.uhc.com,vsmep3401.uhc.com,Syslog Remote Logging redirection is configured but not enabled for host vsmep3401.uhc.com 
rz004mn011v2gc.uhc.com,vsmep3832.uhc.com,Syslog Remote Logging redirection is configured but not enabled for host vsmep3832.uhc.com 
rz004mn011v2gc.uhc.com,vsmep3833.uhc.com,Syslog Remote Logging redirection is configured but not enabled for host vsmep3833.uhc.com 
rz004mn011v2gc.uhc.com,vsmep3839.uhc.com,Syslog Remote Logging redirection is configured but not enabled for host vsmep3839.uhc.com 
rz002mn053v2gc.uhc.com,vsmep4408.uhc.com,Syslog Remote Logging redirection is configured but not enabled for host vsmep4408.uhc.com 
rz002mn053v2gc.uhc.com,vsmep4416.uhc.com,Syslog Remote Logging redirection is configured but not enabled for host vsmep4416.uhc.com 
rz003mn011v2gc.uhc.com,vsmep4787.uhc.com,Syslog Remote Logging redirection is configured but not enabled for host vsmep4787.uhc.com 
rz003mn011v2gc.uhc.com,vsmep4788.uhc.com,Syslog Remote Logging redirection is configured but not enabled for host vsmep4788.uhc.com 
rz003mn011v2gc.uhc.com,vsmep4789.uhc.com,Syslog Remote Logging redirection is configured but not enabled for host vsmep4789.uhc.com 
rz003mn011v2gc.uhc.com,vsmep4790.uhc.com,Syslog Remote Logging redirection is configured but not enabled for host vsmep4790.uhc.com 
rz003mn011v2gc.uhc.com,vsmep4791.uhc.com,Syslog Remote Logging redirection is configured but not enabled for host vsmep4791.uhc.com 
rz003mn011v2gc.uhc.com,vsmep4792.uhc.com,Syslog Remote Logging redirection is configured but not enabled for host vsmep4792.uhc.com 
rz003mn011v2gc.uhc.com,vsmep4793.uhc.com,Syslog Remote Logging redirection is configured but not enabled for host vsmep4793.uhc.com 
rz003mn011v2gc.uhc.com,vsmep4794.uhc.com,Syslog Remote Logging redirection is configured but not enabled for host vsmep4794.uhc.com 
rz403mn011v2gc.uhc.com,vsmep5209.uhc.com,Syslog Remote Logging redirection is configured but not enabled for host vsmep5209.uhc.com 
rz403mn011v2gc.uhc.com,vsmep5248.uhc.com,Syslog Remote Logging redirection is configured but not enabled for host vsmep5248.uhc.com 
rz403mn011v2gc.uhc.com,vsmep5249.uhc.com,Syslog Remote Logging redirection is configured but not enabled for host vsmep5249.uhc.com 
rz403mn011v2gc.uhc.com,vsmep5250.uhc.com,Syslog Remote Logging redirection is configured but not enabled for host vsmep5250.uhc.com 
rz403mn011v2gc.uhc.com,vsmep5251.uhc.com,Syslog Remote Logging redirection is configured but not enabled for host vsmep5251.uhc.com 
rz403mn011v2gc.uhc.com,vsmep5252.uhc.com,Syslog Remote Logging redirection is configured but not enabled for host vsmep5252.uhc.com 
rz403mn011v2gc.uhc.com,vsmep5253.uhc.com,Syslog Remote Logging redirection is configured but not enabled for host vsmep5253.uhc.com 
rz403mn011v2gc.uhc.com,vsmep5254.uhc.com,Syslog Remote Logging redirection is configured but not enabled for host vsmep5254.uhc.com 
rz403mn011v2gc.uhc.com,vsmep5255.uhc.com,Syslog Remote Logging redirection is configured but not enabled for host vsmep5255.uhc.com 
rz403mn011v2gc.uhc.com,vsmep5256.uhc.com,Syslog Remote Logging redirection is configured but not enabled for host vsmep5256.uhc.com 
rz403mn011v2gc.uhc.com,vsmep5257.uhc.com,Syslog Remote Logging redirection is configured but not enabled for host vsmep5257.uhc.com 
rz403mn011v2gc.uhc.com,vsmep5306.uhc.com,Syslog Remote Logging redirection is configured but not enabled for host vsmep5306.uhc.com 
rz403mn011v2gc.uhc.com,vsmep5311.uhc.com,Syslog Remote Logging redirection is configured but not enabled for host vsmep5311.uhc.com 
rz403mn011v2gc.uhc.com,vsmep5389.uhc.com,Syslog Remote Logging redirection is configured but not enabled for host vsmep5389.uhc.com 
rz403mn011v2gc.uhc.com,vsmep5390.uhc.com,Syslog Remote Logging redirection is configured but not enabled for host vsmep5390.uhc.com 
rz403mn011v2gc.uhc.com,vsmep5391.uhc.com,Syslog Remote Logging redirection is configured but not enabled for host vsmep5391.uhc.com 
rz403mn011v2gc.uhc.com,vsmep5399.uhc.com,Syslog Remote Logging redirection is configured but not enabled for host vsmep5399.uhc.com 
rz005mn011v1mc.uhc.com,vsmep5442.uhc.com,Syslog Remote Logging redirection is configured but not enabled for host vsmep5442.uhc.com 
rz005mn011v1mc.uhc.com,vsmep5443.uhc.com,Syslog Remote Logging redirection is configured but not enabled for host vsmep5443.uhc.com 
rz005mn011v1mc.uhc.com,vsmep5444.uhc.com,Syslog Remote Logging redirection is configured but not enabled for host vsmep5444.uhc.com 
rz005mn011v1mc.uhc.com,vsmep5445.uhc.com,Syslog Remote Logging redirection is configured but not enabled for host vsmep5445.uhc.com 
rz005mn011v1mc.uhc.com,vsmep5446.uhc.com,Syslog Remote Logging redirection is configured but not enabled for host vsmep5446.uhc.com 
rz403mn011v2gc.uhc.com,vsmep5481.uhc.com,Syslog Remote Logging redirection is configured but not enabled for host vsmep5481.uhc.com 
rz403mn011v2gc.uhc.com,vsmep5482.uhc.com,Syslog Remote Logging redirection is configured but not enabled for host vsmep5482.uhc.com 
rz403mn011v2gc.uhc.com,vsmep5490.uhc.com,Syslog Remote Logging redirection is configured but not enabled for host vsmep5490.uhc.com 
rz403mn011v2gc.uhc.com,vsmep5496.uhc.com,Syslog Remote Logging redirection is configured but not enabled for host vsmep5496.uhc.com 
rz403mn011v2gc.uhc.com,vsmep5522.uhc.com,Syslog Remote Logging redirection is configured but not enabled for host vsmep5522.uhc.com 
rz403mn011v2gc.uhc.com,vsmep5523.uhc.com,Syslog Remote Logging redirection is configured but not enabled for host vsmep5523.uhc.com 
rz403mn011v2gc.uhc.com,vsmep5524.uhc.com,Syslog Remote Logging redirection is configured but not enabled for host vsmep5524.uhc.com 
rz003mn053v2gc.uhc.com,vsmep5525.uhc.com,Syslog Remote Logging redirection is configured but not enabled for host vsmep5525.uhc.com 
rz003mn053v2gc.uhc.com,vsmep5526.uhc.com,Syslog Remote Logging redirection is configured but not enabled for host vsmep5526.uhc.com 
rz003mn053v2gc.uhc.com,vsmep5527.uhc.com,Syslog Remote Logging redirection is configured but not enabled for host vsmep5527.uhc.com 
rz003mn053v2gc.uhc.com,vsmep5528.uhc.com,Syslog Remote Logging redirection is configured but not enabled for host vsmep5528.uhc.com 
rz003mn053v2gc.uhc.com,vsmep5529.uhc.com,Syslog Remote Logging redirection is configured but not enabled for host vsmep5529.uhc.com 
rz003mn053v2gc.uhc.com,vsmep5530.uhc.com,Syslog Remote Logging redirection is configured but not enabled for host vsmep5530.uhc.com 
rz003mn053v2gc.uhc.com,vsmep5531.uhc.com,Syslog Remote Logging redirection is configured but not enabled for host vsmep5531.uhc.com 
rz003mn053v2gc.uhc.com,vsmep5532.uhc.com,Syslog Remote Logging redirection is configured but not enabled for host vsmep5532.uhc.com 
rz003mn053v2gc.uhc.com,vsmep5533.uhc.com,Syslog Remote Logging redirection is configured but not enabled for host vsmep5533.uhc.com 
rz003mn053v2gc.uhc.com,vsmep5534.uhc.com,Syslog Remote Logging redirection is configured but not enabled for host vsmep5534.uhc.com 
rz003mn053v2gc.uhc.com,vsmep5535.uhc.com,Syslog Remote Logging redirection is configured but not enabled for host vsmep5535.uhc.com 
rz003mn053v2gc.uhc.com,vsmep5536.uhc.com,Syslog Remote Logging redirection is configured but not enabled for host vsmep5536.uhc.com 
rz003mn053v2gc.uhc.com,vsmep5537.uhc.com,Syslog Remote Logging redirection is configured but not enabled for host vsmep5537.uhc.com 
rz003mn053v2gc.uhc.com,vsmep5538.uhc.com,Syslog Remote Logging redirection is configured but not enabled for host vsmep5538.uhc.com 
rz003mn053v2gc.uhc.com,vsmep5539.uhc.com,Syslog Remote Logging redirection is configured but not enabled for host vsmep5539.uhc.com 
rz003mn053v2gc.uhc.com,vsmep5540.uhc.com,Syslog Remote Logging redirection is configured but not enabled for host vsmep5540.uhc.com 
rz003mn053v2gc.uhc.com,vsmep5541.uhc.com,Syslog Remote Logging redirection is configured but not enabled for host vsmep5541.uhc.com 
rz003mn053v2gc.uhc.com,vsmep5542.uhc.com,Syslog Remote Logging redirection is configured but not enabled for host vsmep5542.uhc.com 
rz003mn053v2gc.uhc.com,vsmep5543.uhc.com,Syslog Remote Logging redirection is configured but not enabled for host vsmep5543.uhc.com 
rz003mn053v2gc.uhc.com,vsmep5544.uhc.com,Syslog Remote Logging redirection is configured but not enabled for host vsmep5544.uhc.com 
rz003mn053v2gc.uhc.com,vsmep5545.uhc.com,Syslog Remote Logging redirection is configured but not enabled for host vsmep5545.uhc.com 
rz003mn053v2gc.uhc.com,vsmep5546.uhc.com,Syslog Remote Logging redirection is configured but not enabled for host vsmep5546.uhc.com 
rz003mn053v2gc.uhc.com,vsmep5547.uhc.com,Syslog Remote Logging redirection is configured but not enabled for host vsmep5547.uhc.com 
rz003mn053v2gc.uhc.com,vsmep5548.uhc.com,Syslog Remote Logging redirection is configured but not enabled for host vsmep5548.uhc.com 
rz003mn053v2gc.uhc.com,vsmep5549.uhc.com,Syslog Remote Logging redirection is configured but not enabled for host vsmep5549.uhc.com 
rz003mn053v2gc.uhc.com,vsmep5550.uhc.com,Syslog Remote Logging redirection is configured but not enabled for host vsmep5550.uhc.com 
rz003mn053v2gc.uhc.com,vsmep5551.uhc.com,Syslog Remote Logging redirection is configured but not enabled for host vsmep5551.uhc.com 
rz003mn053v2gc.uhc.com,vsmep5552.uhc.com,Syslog Remote Logging redirection is configured but not enabled for host vsmep5552.uhc.com 
rz003mn053v2gc.uhc.com,vsmep5553.uhc.com,Syslog Remote Logging redirection is configured but not enabled for host vsmep5553.uhc.com 
rz003mn053v2gc.uhc.com,vsmep5554.uhc.com,Syslog Remote Logging redirection is configured but not enabled for host vsmep5554.uhc.com 
rz003mn053v2gc.uhc.com,vsmep5555.uhc.com,Syslog Remote Logging redirection is configured but not enabled for host vsmep5555.uhc.com 
rz003mn053v2gc.uhc.com,vsmep5556.uhc.com,Syslog Remote Logging redirection is configured but not enabled for host vsmep5556.uhc.com 
rz003mn053v2gc.uhc.com,vsmep5558.uhc.com,Syslog Remote Logging redirection is configured but not enabled for host vsmep5558.uhc.com 
rz003mn011v2gc.uhc.com,vsmep5589.uhc.com,Syslog Remote Logging redirection is configured but not enabled for host vsmep5589.uhc.com 
rz003mn011v2gc.uhc.com,vsmep5590.uhc.com,Syslog Remote Logging redirection is configured but not enabled for host vsmep5590.uhc.com 
rz003mn011v2gc.uhc.com,vsmep5591.uhc.com,Syslog Remote Logging redirection is configured but not enabled for host vsmep5591.uhc.com 
rz003mn011v2gc.uhc.com,vsmep5592.uhc.com,Syslog Remote Logging redirection is configured but not enabled for host vsmep5592.uhc.com 
rz003mn011v2gc.uhc.com,vsmep5593.uhc.com,Syslog Remote Logging redirection is configured but not enabled for host vsmep5593.uhc.com 
rz003mn011v2gc.uhc.com,vsmep5594.uhc.com,Syslog Remote Logging redirection is configured but not enabled for host vsmep5594.uhc.com 
rz003mn011v2gc.uhc.com,vsmep5595.uhc.com,Syslog Remote Logging redirection is configured but not enabled for host vsmep5595.uhc.com 
rz003mn011v2gc.uhc.com,vsmep5596.uhc.com,Syslog Remote Logging redirection is configured but not enabled for host vsmep5596.uhc.com 
rz003mn011v2gc.uhc.com,vsmep5597.uhc.com,Syslog Remote Logging redirection is configured but not enabled for host vsmep5597.uhc.com 
rz003mn011v2gc.uhc.com,vsmep5598.uhc.com,Syslog Remote Logging redirection is configured but not enabled for host vsmep5598.uhc.com 
rz003mn011v2gc.uhc.com,vsmep5599.uhc.com,Syslog Remote Logging redirection is configured but not enabled for host vsmep5599.uhc.com 
rz003mn011v2gc.uhc.com,vsmep5600.uhc.com,Syslog Remote Logging redirection is configured but not enabled for host vsmep5600.uhc.com 
rz003mn011v2gc.uhc.com,vsmep5601.uhc.com,Syslog Remote Logging redirection is configured but not enabled for host vsmep5601.uhc.com 
rz003mn011v2gc.uhc.com,vsmep5602.uhc.com,Syslog Remote Logging redirection is configured but not enabled for host vsmep5602.uhc.com 
rz003mn011v2gc.uhc.com,vsmep5603.uhc.com,Syslog Remote Logging redirection is configured but not enabled for host vsmep5603.uhc.com 
rz003mn011v2gc.uhc.com,vsmep5604.uhc.com,Syslog Remote Logging redirection is configured but not enabled for host vsmep5604.uhc.com 
rz003mn011v2gc.uhc.com,vsmep5606.uhc.com,Syslog Remote Logging redirection is configured but not enabled for host vsmep5606.uhc.com 
rz003mn011v2gc.uhc.com,vsmep5607.uhc.com,Syslog Remote Logging redirection is configured but not enabled for host vsmep5607.uhc.com 
rz003mn011v2gc.uhc.com,vsmep5608.uhc.com,Syslog Remote Logging redirection is configured but not enabled for host vsmep5608.uhc.com 
rz003mn011v2gc.uhc.com,vsmep5609.uhc.com,Syslog Remote Logging redirection is configured but not enabled for host vsmep5609.uhc.com 
rz003mn011v2gc.uhc.com,vsmep5610.uhc.com,Syslog Remote Logging redirection is configured but not enabled for host vsmep5610.uhc.com 
rz003mn011v2gc.uhc.com,vsmep5611.uhc.com,Syslog Remote Logging redirection is configured but not enabled for host vsmep5611.uhc.com 
rz003mn011v2gc.uhc.com,vsmep5612.uhc.com,Syslog Remote Logging redirection is configured but not enabled for host vsmep5612.uhc.com 
rz003mn011v2gc.uhc.com,vsmep5613.uhc.com,Syslog Remote Logging redirection is configured but not enabled for host vsmep5613.uhc.com 
rz003mn011v2gc.uhc.com,vsmep5614.uhc.com,Syslog Remote Logging redirection is configured but not enabled for host vsmep5614.uhc.com 
rz003mn011v2gc.uhc.com,vsmep5615.uhc.com,Syslog Remote Logging redirection is configured but not enabled for host vsmep5615.uhc.com 
rz003mn011v2gc.uhc.com,vsmep5616.uhc.com,Syslog Remote Logging redirection is configured but not enabled for host vsmep5616.uhc.com 
rz003mn011v2gc.uhc.com,vsmep5617.uhc.com,Syslog Remote Logging redirection is configured but not enabled for host vsmep5617.uhc.com 
rz003mn011v2gc.uhc.com,vsmep5618.uhc.com,Syslog Remote Logging redirection is configured but not enabled for host vsmep5618.uhc.com 
rz003mn011v2gc.uhc.com,vsmep5619.uhc.com,Syslog Remote Logging redirection is configured but not enabled for host vsmep5619.uhc.com 
rz003mn011v2gc.uhc.com,vsmep5620.uhc.com,Syslog Remote Logging redirection is configured but not enabled for host vsmep5620.uhc.com 
rz403mn011v2gc.uhc.com,vsmep5661.uhc.com,Syslog Remote Logging redirection is configured but not enabled for host vsmep5661.uhc.com 
rz403mn011v2gc.uhc.com,vsmep5666.uhc.com,Syslog Remote Logging redirection is configured but not enabled for host vsmep5666.uhc.com 
rz403mn011v2gc.uhc.com,vsmep5667.uhc.com,Syslog Remote Logging redirection is configured but not enabled for host vsmep5667.uhc.com 
rz403mn011v2gc.uhc.com,vsmep5672.uhc.com,Syslog Remote Logging redirection is configured but not enabled for host vsmep5672.uhc.com 
rz403mn011v2gc.uhc.com,vsmep5673.uhc.com,Syslog Remote Logging redirection is configured but not enabled for host vsmep5673.uhc.com 
rz403mn011v2gc.uhc.com,vsmep5674.uhc.com,Syslog Remote Logging redirection is configured but not enabled for host vsmep5674.uhc.com 
rz006mn053v1mc.uhc.com,vsmep5685.uhc.com,Syslog Remote Logging redirection is configured but not enabled for host vsmep5685.uhc.com 
rz006mn053v1mc.uhc.com,vsmep5686.uhc.com,Syslog Remote Logging redirection is configured but not enabled for host vsmep5686.uhc.com 
rz006mn053v1mc.uhc.com,vsmep5687.uhc.com,Syslog Remote Logging redirection is configured but not enabled for host vsmep5687.uhc.com 
rz006mn053v1mc.uhc.com,vsmep5688.uhc.com,Syslog Remote Logging redirection is configured but not enabled for host vsmep5688.uhc.com 
rz006mn053v1mc.uhc.com,vsmep5689.uhc.com,Syslog Remote Logging redirection is configured but not enabled for host vsmep5689.uhc.com 
rz006mn011v1mc.uhc.com,vsmep5690.uhc.com,Syslog Remote Logging redirection is configured but not enabled for host vsmep5690.uhc.com 
rz006mn011v1mc.uhc.com,vsmep5691.uhc.com,Syslog Remote Logging redirection is configured but not enabled for host vsmep5691.uhc.com 
rz006mn011v1mc.uhc.com,vsmep5692.uhc.com,Syslog Remote Logging redirection is configured but not enabled for host vsmep5692.uhc.com 
rz006mn011v1mc.uhc.com,vsmep5693.uhc.com,Syslog Remote Logging redirection is configured but not enabled for host vsmep5693.uhc.com 
rz006mn011v1mc.uhc.com,vsmep5694.uhc.com,Syslog Remote Logging redirection is configured but not enabled for host vsmep5694.uhc.com 
rz403mn011v2gc.uhc.com,vsmep5739.uhc.com,Syslog Remote Logging redirection is configured but not enabled for host vsmep5739.uhc.com 
rz403mn011v2gc.uhc.com,vsmep5816.uhc.com,Syslog Remote Logging redirection is configured but not enabled for host vsmep5816.uhc.com 
rz403mn011v2gc.uhc.com,vsmep5817.uhc.com,Syslog Remote Logging redirection is configured but not enabled for host vsmep5817.uhc.com 
rz403mn011v2gc.uhc.com,vsmep5820.uhc.com,Syslog Remote Logging redirection is configured but not enabled for host vsmep5820.uhc.com 
rz403mn011v2gc.uhc.com,vsmep5821.uhc.com,Syslog Remote Logging redirection is configured but not enabled for host vsmep5821.uhc.com 
rz006mn011v2gc.uhc.com,vsmep5847.uhc.com,Syslog Remote Logging redirection is configured but not enabled for host vsmep5847.uhc.com 
rz006mn011v2gc.uhc.com,vsmep5848.uhc.com,Syslog Remote Logging redirection is configured but not enabled for host vsmep5848.uhc.com 
rz006mn011v2gc.uhc.com,vsmep5849.uhc.com,Syslog Remote Logging redirection is configured but not enabled for host vsmep5849.uhc.com 
rz006mn011v2gc.uhc.com,vsmep5850.uhc.com,Syslog Remote Logging redirection is configured but not enabled for host vsmep5850.uhc.com 
rz006mn011v2gc.uhc.com,vsmep5851.uhc.com,Syslog Remote Logging redirection is configured but not enabled for host vsmep5851.uhc.com 
rz006mn011v2gc.uhc.com,vsmep5852.uhc.com,Syslog Remote Logging redirection is configured but not enabled for host vsmep5852.uhc.com 
rz006mn011v2gc.uhc.com,vsmep5853.uhc.com,Syslog Remote Logging redirection is configured but not enabled for host vsmep5853.uhc.com 
rz006mn011v2gc.uhc.com,vsmep5854.uhc.com,Syslog Remote Logging redirection is configured but not enabled for host vsmep5854.uhc.com 
rz006mn011v2gc.uhc.com,vsmep5855.uhc.com,Syslog Remote Logging redirection is configured but not enabled for host vsmep5855.uhc.com 
rz006mn011v2gc.uhc.com,vsmep5856.uhc.com,Syslog Remote Logging redirection is configured but not enabled for host vsmep5856.uhc.com 
rz006mn011v2gc.uhc.com,vsmep5857.uhc.com,Syslog Remote Logging redirection is configured but not enabled for host vsmep5857.uhc.com 
rz006mn011v2gc.uhc.com,vsmep5858.uhc.com,Syslog Remote Logging redirection is configured but not enabled for host vsmep5858.uhc.com 
rz006mn011v2gc.uhc.com,vsmep5859.uhc.com,Syslog Remote Logging redirection is configured but not enabled for host vsmep5859.uhc.com 
rz006mn011v2gc.uhc.com,vsmep5860.uhc.com,Syslog Remote Logging redirection is configured but not enabled for host vsmep5860.uhc.com 
rz006mn011v2gc.uhc.com,vsmep5861.uhc.com,Syslog Remote Logging redirection is configured but not enabled for host vsmep5861.uhc.com 
rz403mn011v2gc.uhc.com,vsmep5862.uhc.com,Syslog Remote Logging redirection is configured but not enabled for host vsmep5862.uhc.com 
rz403mn011v2gc.uhc.com,vsmep5872.uhc.com,Syslog Remote Logging redirection is configured but not enabled for host vsmep5872.uhc.com 
rz403mn011v2gc.uhc.com,vsmep5873.uhc.com,Syslog Remote Logging redirection is configured but not enabled for host vsmep5873.uhc.com 
rz001mn011v2gc.uhc.com,vsmep5916.uhc.com,Syslog Remote Logging redirection is configured but not enabled for host vsmep5916.uhc.com 
rz001mn011v2gc.uhc.com,vsmep5917.uhc.com,Syslog Remote Logging redirection is configured but not enabled for host vsmep5917.uhc.com 
rz001mn011v2gc.uhc.com,vsmep5920.uhc.com,Syslog Remote Logging redirection is configured but not enabled for host vsmep5920.uhc.com 
rz001mn011v2gc.uhc.com,vsmep5921.uhc.com,Syslog Remote Logging redirection is configured but not enabled for host vsmep5921.uhc.com 
rz403mn011v2gc.uhc.com,vsmep5942.uhc.com,Syslog Remote Logging redirection is configured but not enabled for host vsmep5942.uhc.com 
rz403mn011v2gc.uhc.com,vsmep5943.uhc.com,Syslog Remote Logging redirection is configured but not enabled for host vsmep5943.uhc.com 
rz403mn011v2gc.uhc.com,vsmep5944.uhc.com,Syslog Remote Logging redirection is configured but not enabled for host vsmep5944.uhc.com 
rz403mn011v2gc.uhc.com,vsmep5945.uhc.com,Syslog Remote Logging redirection is configured but not enabled for host vsmep5945.uhc.com 
rz403mn011v2gc.uhc.com,vsmep5946.uhc.com,Syslog Remote Logging redirection is configured but not enabled for host vsmep5946.uhc.com 
rz403mn011v2gc.uhc.com,vsmep5948.uhc.com,Syslog Remote Logging redirection is configured but not enabled for host vsmep5948.uhc.com 
rz403mn011v2gc.uhc.com,vsmep5949.uhc.com,Syslog Remote Logging redirection is configured but not enabled for host vsmep5949.uhc.com 
rz403mn011v2gc.uhc.com,vsmep5950.uhc.com,Syslog Remote Logging redirection is configured but not enabled for host vsmep5950.uhc.com 
rz403mn011v2gc.uhc.com,vsmep5951.uhc.com,Syslog Remote Logging redirection is configured but not enabled for host vsmep5951.uhc.com 
rz006mn011v2gc.uhc.com,vsmep6002.uhc.com,Syslog Remote Logging redirection is configured but not enabled for host vsmep6002.uhc.com 
rz006mn011v2gc.uhc.com,vsmep6003.uhc.com,Syslog Remote Logging redirection is configured but not enabled for host vsmep6003.uhc.com 
rz006mn011v2gc.uhc.com,vsmep6004.uhc.com,Syslog Remote Logging redirection is configured but not enabled for host vsmep6004.uhc.com 
rz006mn011v2gc.uhc.com,vsmep6005.uhc.com,Syslog Remote Logging redirection is configured but not enabled for host vsmep6005.uhc.com 
rz006mn011v2gc.uhc.com,vsmep6006.uhc.com,Syslog Remote Logging redirection is configured but not enabled for host vsmep6006.uhc.com 
rz006mn011v2gc.uhc.com,vsmep6007.uhc.com,Syslog Remote Logging redirection is configured but not enabled for host vsmep6007.uhc.com 
rz006mn011v2gc.uhc.com,vsmep6008.uhc.com,Syslog Remote Logging redirection is configured but not enabled for host vsmep6008.uhc.com 
rz006mn011v2gc.uhc.com,vsmep6009.uhc.com,Syslog Remote Logging redirection is configured but not enabled for host vsmep6009.uhc.com 
rz006mn011v2gc.uhc.com,vsmep6010.uhc.com,Syslog Remote Logging redirection is configured but not enabled for host vsmep6010.uhc.com 
rz006mn011v2gc.uhc.com,vsmep6011.uhc.com,Syslog Remote Logging redirection is configured but not enabled for host vsmep6011.uhc.com 
rz006mn011v2gc.uhc.com,vsmep6012.uhc.com,Syslog Remote Logging redirection is configured but not enabled for host vsmep6012.uhc.com 
rz006mn011v2gc.uhc.com,vsmep6013.uhc.com,Syslog Remote Logging redirection is configured but not enabled for host vsmep6013.uhc.com 
rz006mn011v2gc.uhc.com,vsmep6014.uhc.com,Syslog Remote Logging redirection is configured but not enabled for host vsmep6014.uhc.com 
rz006mn011v2gc.uhc.com,vsmep6015.uhc.com,Syslog Remote Logging redirection is configured but not enabled for host vsmep6015.uhc.com 
rz403mn011v2gc.uhc.com,vsmep6016.uhc.com,Syslog Remote Logging redirection is configured but not enabled for host vsmep6016.uhc.com 
rz006mn053v2gc.uhc.com,vsmep6017.uhc.com,Syslog Remote Logging redirection is configured but not enabled for host vsmep6017.uhc.com 
rz006mn053v2gc.uhc.com,vsmep6018.uhc.com,Syslog Remote Logging redirection is configured but not enabled for host vsmep6018.uhc.com 
rz006mn053v2gc.uhc.com,vsmep6019.uhc.com,Syslog Remote Logging redirection is configured but not enabled for host vsmep6019.uhc.com 
rz006mn053v2gc.uhc.com,vsmep6020.uhc.com,Syslog Remote Logging redirection is configured but not enabled for host vsmep6020.uhc.com 
rz006mn011v2gc.uhc.com,vsmep6021.uhc.com,Syslog Remote Logging redirection is configured but not enabled for host vsmep6021.uhc.com 
rz006mn011v2gc.uhc.com,vsmep6022.uhc.com,Syslog Remote Logging redirection is configured but not enabled for host vsmep6022.uhc.com 
rz006mn011v2gc.uhc.com,vsmep6023.uhc.com,Syslog Remote Logging redirection is configured but not enabled for host vsmep6023.uhc.com 
rz006mn011v2gc.uhc.com,vsmep6024.uhc.com,Syslog Remote Logging redirection is configured but not enabled for host vsmep6024.uhc.com 
rz301mn013v2gc.uhc.com,vsmep6025.uhc.com,Syslog Remote Logging redirection is configured but not enabled for host vsmep6025.uhc.com 
rz301mn013v2gc.uhc.com,vsmep6026.uhc.com,Syslog Remote Logging redirection is configured but not enabled for host vsmep6026.uhc.com 
rz301mn013v2gc.uhc.com,vsmep6027.uhc.com,Syslog Remote Logging redirection is configured but not enabled for host vsmep6027.uhc.com 
rz301mn013v2gc.uhc.com,vsmep6028.uhc.com,Syslog Remote Logging redirection is configured but not enabled for host vsmep6028.uhc.com 
rz403mn011v2gc.uhc.com,vsmep6029.uhc.com,Syslog Remote Logging redirection is configured but not enabled for host vsmep6029.uhc.com 
rz004mn011v2gc.uhc.com,vsmep6046.uhc.com,Syslog Remote Logging redirection is configured but not enabled for host vsmep6046.uhc.com 
rz004mn011v2gc.uhc.com,vsmep6047.uhc.com,Syslog Remote Logging redirection is configured but not enabled for host vsmep6047.uhc.com 
rz004mn011v2gc.uhc.com,vsmep6048.uhc.com,Syslog Remote Logging redirection is configured but not enabled for host vsmep6048.uhc.com 
rz004mn011v2gc.uhc.com,vsmep6049.uhc.com,Syslog Remote Logging redirection is configured but not enabled for host vsmep6049.uhc.com 
rz004mn011v2gc.uhc.com,vsmep6050.uhc.com,Syslog Remote Logging redirection is configured but not enabled for host vsmep6050.uhc.com 
rz004mn011v2gc.uhc.com,vsmep6051.uhc.com,Syslog Remote Logging redirection is configured but not enabled for host vsmep6051.uhc.com 
rz004mn011v2gc.uhc.com,vsmep6052.uhc.com,Syslog Remote Logging redirection is configured but not enabled for host vsmep6052.uhc.com 
rz004mn011v2gc.uhc.com,vsmep6053.uhc.com,Syslog Remote Logging redirection is configured but not enabled for host vsmep6053.uhc.com 
rz004mn011v2gc.uhc.com,vsmep6054.uhc.com,Syslog Remote Logging redirection is configured but not enabled for host vsmep6054.uhc.com 
rz004mn011v2gc.uhc.com,vsmep6055.uhc.com,Syslog Remote Logging redirection is configured but not enabled for host vsmep6055.uhc.com 
rz004mn011v2gc.uhc.com,vsmep6056.uhc.com,Syslog Remote Logging redirection is configured but not enabled for host vsmep6056.uhc.com 
rz004mn011v2gc.uhc.com,vsmep6057.uhc.com,Syslog Remote Logging redirection is configured but not enabled for host vsmep6057.uhc.com 
rz004mn011v2gc.uhc.com,vsmep6058.uhc.com,Syslog Remote Logging redirection is configured but not enabled for host vsmep6058.uhc.com 
rz004mn011v2gc.uhc.com,vsmep6059.uhc.com,Syslog Remote Logging redirection is configured but not enabled for host vsmep6059.uhc.com 
rz004mn011v2gc.uhc.com,vsmep6060.uhc.com,Syslog Remote Logging redirection is configured but not enabled for host vsmep6060.uhc.com 
rz004mn011v2gc.uhc.com,vsmep6061.uhc.com,Syslog Remote Logging redirection is configured but not enabled for host vsmep6061.uhc.com 
rz005mn011v2gc.uhc.com,vsmep6142.uhc.com,Syslog Remote Logging redirection is configured but not enabled for host vsmep6142.uhc.com 
rz005mn011v2gc.uhc.com,vsmep6143.uhc.com,Syslog Remote Logging redirection is configured but not enabled for host vsmep6143.uhc.com 
rz005mn011v2gc.uhc.com,vsmep6144.uhc.com,Syslog Remote Logging redirection is configured but not enabled for host vsmep6144.uhc.com 
rz005mn011v2gc.uhc.com,vsmep6145.uhc.com,Syslog Remote Logging redirection is configured but not enabled for host vsmep6145.uhc.com 
rz005mn011v2gc.uhc.com,vsmep6146.uhc.com,Syslog Remote Logging redirection is configured but not enabled for host vsmep6146.uhc.com 
rz005mn011v2gc.uhc.com,vsmep6147.uhc.com,Syslog Remote Logging redirection is configured but not enabled for host vsmep6147.uhc.com 
rz005mn011v2gc.uhc.com,vsmep6148.uhc.com,Syslog Remote Logging redirection is configured but not enabled for host vsmep6148.uhc.com 
rz005mn011v2gc.uhc.com,vsmep6149.uhc.com,Syslog Remote Logging redirection is configured but not enabled for host vsmep6149.uhc.com 
rz005mn011v2gc.uhc.com,vsmep6150.uhc.com,Syslog Remote Logging redirection is configured but not enabled for host vsmep6150.uhc.com 
rz005mn011v2gc.uhc.com,vsmep6151.uhc.com,Syslog Remote Logging redirection is configured but not enabled for host vsmep6151.uhc.com 
rz005mn011v2gc.uhc.com,vsmep6152.uhc.com,Syslog Remote Logging redirection is configured but not enabled for host vsmep6152.uhc.com 
rz005mn011v2gc.uhc.com,vsmep6153.uhc.com,Syslog Remote Logging redirection is configured but not enabled for host vsmep6153.uhc.com 
rz005mn011v2gc.uhc.com,vsmep6154.uhc.com,Syslog Remote Logging redirection is configured but not enabled for host vsmep6154.uhc.com 
rz005mn011v2gc.uhc.com,vsmep6155.uhc.com,Syslog Remote Logging redirection is configured but not enabled for host vsmep6155.uhc.com 
rz005mn011v2gc.uhc.com,vsmep6156.uhc.com,Syslog Remote Logging redirection is configured but not enabled for host vsmep6156.uhc.com 
rz005mn011v2gc.uhc.com,vsmep6157.uhc.com,Syslog Remote Logging redirection is configured but not enabled for host vsmep6157.uhc.com 
rz006mn011v3hv.uhc.com,vsmep6175.uhc.com,Syslog Remote Logging redirection is configured but not enabled for host vsmep6175.uhc.com 
rz006mn011v3hv.uhc.com,vsmep6176.uhc.com,Syslog Remote Logging redirection is configured but not enabled for host vsmep6176.uhc.com 
rz006mn011v3hv.uhc.com,vsmep6177.uhc.com,Syslog Remote Logging redirection is configured but not enabled for host vsmep6177.uhc.com 
rz006mn011v3hv.uhc.com,vsmep6178.uhc.com,Syslog Remote Logging redirection is configured but not enabled for host vsmep6178.uhc.com 
rz006mn011v3hv.uhc.com,vsmep6179.uhc.com,Syslog Remote Logging redirection is configured but not enabled for host vsmep6179.uhc.com 
rz006mn011v3hv.uhc.com,vsmep6180.uhc.com,Syslog Remote Logging redirection is configured but not enabled for host vsmep6180.uhc.com 
rz006mn011v3hv.uhc.com,vsmep6181.uhc.com,Syslog Remote Logging redirection is configured but not enabled for host vsmep6181.uhc.com 
rz006mn011v3hv.uhc.com,vsmep6182.uhc.com,Syslog Remote Logging redirection is configured but not enabled for host vsmep6182.uhc.com 
rz006mn011v3hv.uhc.com,vsmep6183.uhc.com,Syslog Remote Logging redirection is configured but not enabled for host vsmep6183.uhc.com 
rz006mn011v3hv.uhc.com,vsmep6184.uhc.com,Syslog Remote Logging redirection is configured but not enabled for host vsmep6184.uhc.com 
rz006mn011v3hv.uhc.com,vsmep6185.uhc.com,Syslog Remote Logging redirection is configured but not enabled for host vsmep6185.uhc.com 
rz006mn011v3hv.uhc.com,vsmep6186.uhc.com,Syslog Remote Logging redirection is configured but not enabled for host vsmep6186.uhc.com 
rz006mn011v3hv.uhc.com,vsmep6187.uhc.com,Syslog Remote Logging redirection is configured but not enabled for host vsmep6187.uhc.com 
rz006mn011v3hv.uhc.com,vsmep6188.uhc.com,Syslog Remote Logging redirection is configured but not enabled for host vsmep6188.uhc.com 
rz006mn011v3hv.uhc.com,vsmep6189.uhc.com,Syslog Remote Logging redirection is configured but not enabled for host vsmep6189.uhc.com 
rz006mn011v3hv.uhc.com,vsmep6190.uhc.com,Syslog Remote Logging redirection is configured but not enabled for host vsmep6190.uhc.com 
rz006mn011v2gc.uhc.com,vsmep6207.uhc.com,Syslog Remote Logging redirection is configured but not enabled for host vsmep6207.uhc.com 
rz006mn011v2gc.uhc.com,vsmep6208.uhc.com,Syslog Remote Logging redirection is configured but not enabled for host vsmep6208.uhc.com 
rz006mn011v2gc.uhc.com,vsmep6209.uhc.com,Syslog Remote Logging redirection is configured but not enabled for host vsmep6209.uhc.com 
rz006mn011v2gc.uhc.com,vsmep6210.uhc.com,Syslog Remote Logging redirection is configured but not enabled for host vsmep6210.uhc.com 
rz006mn011v2gc.uhc.com,vsmep6211.uhc.com,Syslog Remote Logging redirection is configured but not enabled for host vsmep6211.uhc.com 
rz006mn011v2gc.uhc.com,vsmep6212.uhc.com,Syslog Remote Logging redirection is configured but not enabled for host vsmep6212.uhc.com 
rz006mn011v2gc.uhc.com,vsmep6213.uhc.com,Syslog Remote Logging redirection is configured but not enabled for host vsmep6213.uhc.com 
rz006mn011v2gc.uhc.com,vsmep6214.uhc.com,Syslog Remote Logging redirection is configured but not enabled for host vsmep6214.uhc.com 
rz006mn011v2gc.uhc.com,vsmep6215.uhc.com,Syslog Remote Logging redirection is configured but not enabled for host vsmep6215.uhc.com 
rz006mn011v2gc.uhc.com,vsmep6216.uhc.com,Syslog Remote Logging redirection is configured but not enabled for host vsmep6216.uhc.com 
rz006mn011v2gc.uhc.com,vsmep6217.uhc.com,Syslog Remote Logging redirection is configured but not enabled for host vsmep6217.uhc.com 
rz006mn011v2gc.uhc.com,vsmep6218.uhc.com,Syslog Remote Logging redirection is configured but not enabled for host vsmep6218.uhc.com 
rz006mn011v2gc.uhc.com,vsmep6219.uhc.com,Syslog Remote Logging redirection is configured but not enabled for host vsmep6219.uhc.com 
rz006mn011v2gc.uhc.com,vsmep6220.uhc.com,Syslog Remote Logging redirection is configured but not enabled for host vsmep6220.uhc.com 
rz006mn011v2gc.uhc.com,vsmep6221.uhc.com,Syslog Remote Logging redirection is configured but not enabled for host vsmep6221.uhc.com 
rz006mn011v2gc.uhc.com,vsmep6222.uhc.com,Syslog Remote Logging redirection is configured but not enabled for host vsmep6222.uhc.com 
rz403mn011v2gc.uhc.com,vsmep6223.uhc.com,Syslog Remote Logging redirection is configured but not enabled for host vsmep6223.uhc.com 
rz403mn011v2gc.uhc.com,vsmep6224.uhc.com,Syslog Remote Logging redirection is configured but not enabled for host vsmep6224.uhc.com 
rz403mn011v2gc.uhc.com,vsmep6225.uhc.com,Syslog Remote Logging redirection is configured but not enabled for host vsmep6225.uhc.com 
rz403mn011v2gc.uhc.com,vsmep6228.uhc.com,Syslog Remote Logging redirection is configured but not enabled for host vsmep6228.uhc.com 
rz403mn011v2gc.uhc.com,vsmep6240.uhc.com,Syslog Remote Logging redirection is configured but not enabled for host vsmep6240.uhc.com 
rz403mn011v2gc.uhc.com,vsmep6249.uhc.com,Syslog Remote Logging redirection is configured but not enabled for host vsmep6249.uhc.com 
rz005mn011v2gc.uhc.com,vsmep6258.uhc.com,Syslog Remote Logging redirection is configured but not enabled for host vsmep6258.uhc.com 
rz005mn011v2gc.uhc.com,vsmep6259.uhc.com,Syslog Remote Logging redirection is configured but not enabled for host vsmep6259.uhc.com 
rz005mn011v2gc.uhc.com,vsmep6260.uhc.com,Syslog Remote Logging redirection is configured but not enabled for host vsmep6260.uhc.com 
rz005mn011v2gc.uhc.com,vsmep6261.uhc.com,Syslog Remote Logging redirection is configured but not enabled for host vsmep6261.uhc.com 
rz005mn011v2gc.uhc.com,vsmep6262.uhc.com,Syslog Remote Logging redirection is configured but not enabled for host vsmep6262.uhc.com 
rz005mn011v2gc.uhc.com,vsmep6263.uhc.com,Syslog Remote Logging redirection is configured but not enabled for host vsmep6263.uhc.com 
rz005mn011v2gc.uhc.com,vsmep6264.uhc.com,Syslog Remote Logging redirection is configured but not enabled for host vsmep6264.uhc.com 
rz005mn011v2gc.uhc.com,vsmep6265.uhc.com,Syslog Remote Logging redirection is configured but not enabled for host vsmep6265.uhc.com 
rz403mn011v2gc.uhc.com,vsmep6282.uhc.com,Syslog Remote Logging redirection is configured but not enabled for host vsmep6282.uhc.com 
rz403mn011v2gc.uhc.com,vsmep6283.uhc.com,Syslog Remote Logging redirection is configured but not enabled for host vsmep6283.uhc.com 
rz403mn011v2gc.uhc.com,vsmep6285.uhc.com,Syslog Remote Logging redirection is configured but not enabled for host vsmep6285.uhc.com 
rz403mn011v2gc.uhc.com,vsmep6320.uhc.com,Syslog Remote Logging redirection is configured but not enabled for host vsmep6320.uhc.com 
rz403mn011v2gc.uhc.com,vsmep6321.uhc.com,Syslog Remote Logging redirection is configured but not enabled for host vsmep6321.uhc.com 
rz403mn011v2gc.uhc.com,vsmep6325.uhc.com,Syslog Remote Logging redirection is configured but not enabled for host vsmep6325.uhc.com 
rz403mn011v2gc.uhc.com,vsmep6328.uhc.com,Syslog Remote Logging redirection is configured but not enabled for host vsmep6328.uhc.com 
rz403mn011v2gc.uhc.com,vsmep6330.uhc.com,Syslog Remote Logging redirection is configured but not enabled for host vsmep6330.uhc.com 
rz403mn011v2gc.uhc.com,vsmep6331.uhc.com,Syslog Remote Logging redirection is configured but not enabled for host vsmep6331.uhc.com 
rz403mn011v2gc.uhc.com,vsmep6336.uhc.com,Syslog Remote Logging redirection is configured but not enabled for host vsmep6336.uhc.com 
rz403mn011v2gc.uhc.com,vsmep6338.uhc.com,Syslog Remote Logging redirection is configured but not enabled for host vsmep6338.uhc.com 
rz403mn011v2gc.uhc.com,vsmep6339.uhc.com,Syslog Remote Logging redirection is configured but not enabled for host vsmep6339.uhc.com 
rz403mn011v2gc.uhc.com,vsmep6340.uhc.com,Syslog Remote Logging redirection is configured but not enabled for host vsmep6340.uhc.com 
rz403mn011v2gc.uhc.com,vsmep6341.uhc.com,Syslog Remote Logging redirection is configured but not enabled for host vsmep6341.uhc.com 
rz403mn011v2gc.uhc.com,vsmep6342.uhc.com,Syslog Remote Logging redirection is configured but not enabled for host vsmep6342.uhc.com 
rz403mn011v2gc.uhc.com,vsmep6343.uhc.com,Syslog Remote Logging redirection is configured but not enabled for host vsmep6343.uhc.com 
rz403mn011v2gc.uhc.com,vsmep6344.uhc.com,Syslog Remote Logging redirection is configured but not enabled for host vsmep6344.uhc.com 
rz403mn011v2gc.uhc.com,vsmep6346.uhc.com,Syslog Remote Logging redirection is configured but not enabled for host vsmep6346.uhc.com 
rz403mn011v2gc.uhc.com,vsmep6350.uhc.com,Syslog Remote Logging redirection is configured but not enabled for host vsmep6350.uhc.com 
rz403mn011v2gc.uhc.com,vsmep6351.uhc.com,Syslog Remote Logging redirection is configured but not enabled for host vsmep6351.uhc.com 
rz403mn011v2gc.uhc.com,vsmep6352.uhc.com,Syslog Remote Logging redirection is configured but not enabled for host vsmep6352.uhc.com 
rz403mn011v2gc.uhc.com,vsmep6353.uhc.com,Syslog Remote Logging redirection is configured but not enabled for host vsmep6353.uhc.com 
rz403mn011v2gc.uhc.com,vsmep6354.uhc.com,Syslog Remote Logging redirection is configured but not enabled for host vsmep6354.uhc.com 
rz403mn011v2gc.uhc.com,vsmep6356.uhc.com,Syslog Remote Logging redirection is configured but not enabled for host vsmep6356.uhc.com 
rz403mn011v2gc.uhc.com,vsmep6357.uhc.com,Syslog Remote Logging redirection is configured but not enabled for host vsmep6357.uhc.com 
rz403mn011v2gc.uhc.com,vsmep6367.uhc.com,Syslog Remote Logging redirection is configured but not enabled for host vsmep6367.uhc.com 
rz403mn011v2gc.uhc.com,vsmep6368.uhc.com,Syslog Remote Logging redirection is configured but not enabled for host vsmep6368.uhc.com 
rz403mn011v2gc.uhc.com,vsmep6369.uhc.com,Syslog Remote Logging redirection is configured but not enabled for host vsmep6369.uhc.com 
rz403mn011v2gc.uhc.com,vsmep6373.uhc.com,Syslog Remote Logging redirection is configured but not enabled for host vsmep6373.uhc.com 
rz001mn011v2gc.uhc.com,vsmep6375.uhc.com,Syslog Remote Logging redirection is configured but not enabled for host vsmep6375.uhc.com 
rz001mn011v2gc.uhc.com,vsmep6376.uhc.com,Syslog Remote Logging redirection is configured but not enabled for host vsmep6376.uhc.com 
rz001mn053v2gc.uhc.com,vsmep6377.uhc.com,Syslog Remote Logging redirection is configured but not enabled for host vsmep6377.uhc.com 
rz001mn053v2gc.uhc.com,vsmep6379.uhc.com,Syslog Remote Logging redirection is configured but not enabled for host vsmep6379.uhc.com 
rz403mn011v2gc.uhc.com,vsmep6380.uhc.com,Syslog Remote Logging redirection is configured but not enabled for host vsmep6380.uhc.com 
rz403mn011v2gc.uhc.com,vsmep6381.uhc.com,Syslog Remote Logging redirection is configured but not enabled for host vsmep6381.uhc.com 
rz017mn053v2gc.uhc.com,vsmet0149.uhc.com,Syslog Remote Logging redirection is configured but not enabled for host vsmet0149.uhc.com 
rz017mn053v2gc.uhc.com,vsmet0150.uhc.com,Syslog Remote Logging redirection is configured but not enabled for host vsmet0150.uhc.com 
rz017mn011v2gc.uhc.com,vsmet0151.uhc.com,Syslog Remote Logging redirection is configured but not enabled for host vsmet0151.uhc.com 
rz017mn011v2gc.uhc.com,vsmet0152.uhc.com,Syslog Remote Logging redirection is configured but not enabled for host vsmet0152.uhc.com 
