"vCenter","Name","Uptime"
,"fsstage3.uhc.com","10"
,"mn011-2hz1-09s02.uhc.com","6"
,"mn011-2hz1-09s03.uhc.com","6"
,"mn011-2hz1-09s05.uhc.com","5"
,"mn011-2hz1-09s06.uhc.com","6"
,"mn011-2hz1-10s02.uhc.com","6"
,"mn011-2hz1-10s03.uhc.com","6"
,"mn011-2hz1-10s05.uhc.com","6"
,"mn011-2hz1-10s06.uhc.com","6"
,"mn011-5hz1-03s03.uhc.com","5"
,"mn011-5hz1-03s04.uhc.com","6"
,"mn011-5hz1-03s05.uhc.com","5"
,"mn011-5hz1-03s18.uhc.com","6"
,"mn011-5hz1-03s19.uhc.com","6"
,"mn011-5hz1-03s20.uhc.com","6"
,"mn011-5hz1-03s33.uhc.com","6"
,"mn011-5hz1-03s34.uhc.com","4"
,"mn011-5hz1-03s35.uhc.com","6"
,"mn011-5hz1-04s02.uhc.com","6"
,"mn011-5hz1-04s03.uhc.com","5"
,"mn011-5hz1-04s04.uhc.com","6"
,"mn011-5hz1-04s05.uhc.com","6"
,"mn011-5hz1-04s18.uhc.com","6"
,"mn011-5hz1-04s19.uhc.com","6"
,"mn011-5hz1-04s20.uhc.com","5"
,"mn011-5hz1-04s23.uhc.com","6"
,"mn011-5hz1-04s33.uhc.com","5"
,"mn011-5hz1-04s34.uhc.com","5"
,"mn011-5hz1-05s02.uhc.com","4"
,"mn011-5hz1-05s03.uhc.com","5"
,"mn011-5hz1-05s04.uhc.com","4"
,"mn011-5hz1-05s07.uhc.com","5"
,"mn011-5hz1-05s17.uhc.com","6"
,"mn011-5hz1-05s18.uhc.com","6"
,"mn011-5hz1-05s19.uhc.com","6"
,"mn011-5hz1-05s20.uhc.com","5"
,"mn011-5hz1-06s03.uhc.com","5"
,"mn011-5hz1-06s04.uhc.com","5"
,"mn011-5hz1-06s19.uhc.com","6"
,"mn011-5hz1-06s33.uhc.com","4"
,"ucsii747s01.uhc.com","401"
,"ucsii747s02.uhc.com","401"
,"ucsii747s03.uhc.com","401"
,"ucsii747s05.uhc.com","401"
,"ucsii747s06.uhc.com","401"
,"ucsii747s07.uhc.com","401"
,"ucsii747s08.uhc.com","401"
,"ucsii757s01.uhc.com","388"
,"ucsii757s02.uhc.com","388"
,"ucsii757s03.uhc.com","388"
,"ucsii757s04.uhc.com","388"
,"ucsii757s05.uhc.com","388"
,"ucsii757s06.uhc.com","388"
,"ucsii757s07.uhc.com","388"
,"ucsii757s08.uhc.com","388"
,"ucsir777s01.uhc.com","402"
,"ucsir777s02.uhc.com","401"
,"ucsir777s03.uhc.com","402"
,"ucsir777s04.uhc.com","401"
,"us08se01-nic1.epichearing.local","427"
,"us08se02-nic1.epichearing.local","427"
,"vsmeh5020.uhc.com","375"
,"vsmeh5050.uhc.com","372"
,"vsmeh5086.uhc.com","371"
,"vsmeh5172.uhc.com","27"
,"vsmeh5262.uhc.com","1412"
,"vsmeh5267.uhc.com","1412"
,"vsmeh5275.uhc.com","1950"
,"vsmeh5276.uhc.com","1572"
,"vsmeh5277.uhc.com","1950"
,"vsmeh5279.uhc.com","872"
,"mn011-1hz1-02s28.uhc.com","52"
,"mn011-4hz1-01s01.uhc.com","20"
,"mn011-4hz1-01s02.uhc.com","20"
,"mn011-4hz1-01s03.uhc.com","36"
,"mn011-4hz1-02s01.uhc.com","87"
,"mn011-4hz1-02s02.uhc.com","17"
,"mn011-4hz1-02s03.uhc.com","17"
,"mn011-4hz1-03s01.uhc.com","17"
,"mn011-4hz1-03s02.uhc.com","17"
,"mn011-4hz1-04s01.uhc.com","17"
,"mn011-4hz1-04s02.uhc.com","17"
,"mn011-5hz1-06s39.uhc.com","129"
,"mn053-2hz1-01s06.uhc.com","52"
,"mn053-2hz1-01s16.uhc.com","48"
,"mn053-2hz1-01s22.uhc.com","52"
,"mn053-2hz1-01s32.uhc.com","49"
,"mn053-2hz1-01s33.uhc.com","52"
,"mn053-2hz1-01s45.uhc.com","49"
,"mn053-2hz1-01s46.uhc.com","48"
,"mn053-2hz1-03s33.uhc.com","52"
,"mn011-1hz1-02s03.uhc.com","40"
,"mn053-2hz1-01s18.uhc.com","52"
,"vsmeh5280.uhc.com","1950"
,"vsmeh5294.uhc.com","1482"
,"vsmeh5296.uhc.com","1482"
,"vsmeh5297.uhc.com","1482"
,"vsmeh5299.uhc.com","1482"
,"vsmeh5300.uhc.com","1482"
,"vsmeh5301.uhc.com","1482"
,"vsmeh5302.uhc.com","1482"
,"vsmeh5303.uhc.com","1482"
,"vsmeh5304.uhc.com","1482"
,"vsmeh5305.uhc.com","1627"
,"vsmeh5306.uhc.com","1627"
,"vsmeh5309.uhc.com","1627"
,"vsmeh5312.uhc.com","1627"
,"vsmeh5324.uhc.com","1627"
,"vsmeh5332.uhc.com","1627"
,"vsmeh5335.uhc.com","1627"
,"vsmeh5336.uhc.com","1627"
,"vsmeh5341.uhc.com","1515"
,"vsmeh5342.uhc.com","1515"
,"vsmeh5343.uhc.com","1515"
,"vsmeh5344.uhc.com","1515"
,"vsmeh5345.uhc.com","1515"
,"vsmeh5346.uhc.com","1515"
,"vsmeh5347.uhc.com","1515"
,"vsmeh5351.uhc.com","1515"
,"vsmeh5352.uhc.com","1515"
,"vsmeh5360.uhc.com","1515"
,"vsmeh5361.uhc.com","1515"
,"vsmeh5362.uhc.com","1515"
,"vsmeh5364.uhc.com","1515"
,"vsmep0432.uhc.com","1055"
,"vsmep1987.uhc.com","30"
,"vsmep1988.uhc.com","13"
,"vsmep1989.uhc.com","30"
,"vsmep1990.uhc.com","30"
,"vsmep1991.uhc.com","30"
,"vsmep1992.uhc.com","30"
,"vsmep1993.uhc.com","30"
,"vsmep1994.uhc.com","30"
,"vsmep1995.uhc.com","30"
,"vsmep1996.uhc.com","30"
,"vsmep1997.uhc.com","20"
,"vsmep1998.uhc.com","30"
,"vsmep1999.uhc.com","30"
,"vsmep2000.uhc.com","30"
,"vsmep2001.uhc.com","30"
,"vsmep2002.uhc.com","30"
,"vsmep2003.uhc.com","29"
,"vsmep2004.uhc.com","27"
,"vsmep2005.uhc.com","29"
,"vsmep2006.uhc.com","29"
,"vsmep2007.uhc.com","29"
,"vsmep2008.uhc.com","29"
,"vsmep2009.uhc.com","28"
,"vsmep2010.uhc.com","27"
,"vsmep2011.uhc.com","27"
,"vsmep2012.uhc.com","24"
,"vsmep2013.uhc.com","27"
,"vsmep2014.uhc.com","27"
,"vsmep2015.uhc.com","27"
,"vsmep2016.uhc.com","25"
,"vsmep2017.uhc.com","26"
,"vsmep2018.uhc.com","25"
,"vsmep2267.uhc.com","0"
,"vsmep2706.uhc.com","449"
,"vsmep2728.uhc.com","254"
,"vsmep2745.uhc.com","111"
,"vsmep3272.uhc.com","295"
,"vsmep3310.uhc.com","16"
,"vsmep3312.uhc.com","16"
,"vsmep3401.uhc.com","131"
,"vsmep3832.uhc.com","190"
,"vsmep3833.uhc.com","519"
,"vsmep3839.uhc.com","15"
,"vsmep4408.uhc.com","113"
,"vsmep4416.uhc.com","113"
,"vsmep4787.uhc.com","26"
,"vsmep4788.uhc.com","26"
,"vsmep4789.uhc.com","26"
,"vsmep4790.uhc.com","24"
,"vsmep4791.uhc.com","24"
,"vsmep4792.uhc.com","23"
,"vsmep4793.uhc.com","23"
,"vsmep4794.uhc.com","23"
,"vsmep5209.uhc.com","1078"
,"vsmep5248.uhc.com","150"
,"vsmep5249.uhc.com","150"
,"vsmep5250.uhc.com","150"
,"vsmep5251.uhc.com","150"
,"vsmep5252.uhc.com","150"
,"vsmep5253.uhc.com","150"
,"vsmep5254.uhc.com","150"
,"vsmep5255.uhc.com","150"
,"vsmep5256.uhc.com","150"
,"vsmep5257.uhc.com","150"
,"vsmep5306.uhc.com","111"
,"vsmep5311.uhc.com","109"
,"vsmep5389.uhc.com","418"
,"vsmep5390.uhc.com","111"
,"vsmep5391.uhc.com","418"
,"vsmep5399.uhc.com","475"
,"vsmep5442.uhc.com","480"
,"vsmep5443.uhc.com","548"
,"vsmep5444.uhc.com","548"
,"vsmep5445.uhc.com","548"
,"vsmep5446.uhc.com","548"
,"vsmep5481.uhc.com","1146"
,"vsmep5482.uhc.com","1141"
,"vsmep5490.uhc.com","16"
,"vsmep5496.uhc.com","67"
,"vsmep5522.uhc.com","24"
,"vsmep5523.uhc.com","24"
,"vsmep5524.uhc.com","1034"
,"vsmep5525.uhc.com","26"
,"vsmep5526.uhc.com","26"
,"vsmep5527.uhc.com","26"
,"vsmep5528.uhc.com","26"
,"vsmep5529.uhc.com","25"
,"vsmep5530.uhc.com","25"
,"vsmep5531.uhc.com","25"
,"vsmep5532.uhc.com","25"
,"vsmep5534.uhc.com","10"
,"vsmep5535.uhc.com","24"
,"vsmep5536.uhc.com","24"
,"vsmep5537.uhc.com","21"
,"vsmep5538.uhc.com","24"
,"vsmep5539.uhc.com","24"
,"vsmep5540.uhc.com","24"
,"vsmep5541.uhc.com","26"
,"vsmep5542.uhc.com","26"
,"vsmep5543.uhc.com","26"
,"vsmep5544.uhc.com","26"
,"vsmep5545.uhc.com","26"
,"vsmep5546.uhc.com","26"
,"vsmep5547.uhc.com","25"
,"vsmep5548.uhc.com","25"
,"vsmep5549.uhc.com","25"
,"vsmep5550.uhc.com","25"
,"vsmep5551.uhc.com","25"
,"vsmep5552.uhc.com","24"
,"vsmep5553.uhc.com","24"
,"vsmep5554.uhc.com","24"
,"vsmep5555.uhc.com","24"
,"vsmep5556.uhc.com","24"
,"vsmep5558.uhc.com","180"
,"vsmep5589.uhc.com","42"
,"vsmep5590.uhc.com","42"
,"vsmep5591.uhc.com","42"
,"vsmep5592.uhc.com","42"
,"vsmep5593.uhc.com","41"
,"vsmep5594.uhc.com","41"
,"vsmep5595.uhc.com","41"
,"vsmep5596.uhc.com","41"
,"vsmep5597.uhc.com","39"
,"vsmep5598.uhc.com","39"
,"vsmep5599.uhc.com","39"
,"vsmep5600.uhc.com","39"
,"vsmep5601.uhc.com","39"
,"vsmep5602.uhc.com","39"
,"vsmep5603.uhc.com","39"
,"vsmep5604.uhc.com","39"
,"vsmep5606.uhc.com","42"
,"vsmep5607.uhc.com","42"
,"vsmep5608.uhc.com","42"
,"vsmep5609.uhc.com","42"
,"vsmep5610.uhc.com","41"
,"vsmep5611.uhc.com","41"
,"vsmep5612.uhc.com","41"
,"vsmep5613.uhc.com","41"
,"vsmep5614.uhc.com","39"
,"vsmep5615.uhc.com","39"
,"vsmep5616.uhc.com","39"
,"vsmep5617.uhc.com","39"
,"vsmep5618.uhc.com","39"
,"vsmep5619.uhc.com","39"
,"vsmep5620.uhc.com","39"
,"vsmep5661.uhc.com","1028"
,"vsmep5666.uhc.com","100"
,"vsmep5667.uhc.com","100"
,"vsmep5672.uhc.com","209"
,"vsmep5673.uhc.com","127"
,"vsmep5674.uhc.com","219"
,"vsmep5685.uhc.com","546"
,"vsmep5686.uhc.com","545"
,"vsmep5687.uhc.com","544"
,"vsmep5688.uhc.com","543"
,"vsmep5689.uhc.com","543"
,"vsmep5690.uhc.com","525"
,"vsmep5692.uhc.com","523"
,"vsmep5693.uhc.com","522"
,"vsmep5694.uhc.com","521"
,"vsmep5739.uhc.com","93"
,"vsmep5816.uhc.com","136"
,"vsmep5817.uhc.com","21"
,"vsmep5820.uhc.com","614"
,"vsmep5821.uhc.com","614"
,"vsmep5847.uhc.com","72"
,"vsmep5848.uhc.com","72"
,"vsmep5849.uhc.com","72"
,"vsmep5850.uhc.com","72"
,"vsmep5851.uhc.com","72"
,"vsmep5852.uhc.com","72"
,"vsmep5853.uhc.com","71"
,"vsmep5854.uhc.com","71"
,"vsmep5855.uhc.com","71"
,"vsmep5856.uhc.com","71"
,"vsmep5857.uhc.com","71"
,"vsmep5858.uhc.com","71"
,"vsmep5859.uhc.com","71"
,"vsmep5860.uhc.com","71"
,"vsmep5861.uhc.com","71"
,"vsmep5862.uhc.com","208"
,"vsmep5872.uhc.com","642"
,"vsmep5873.uhc.com","690"
,"vsmep5916.uhc.com","34"
,"vsmep5917.uhc.com","34"
,"vsmep5920.uhc.com","46"
,"vsmep5921.uhc.com","46"
,"vsmep5942.uhc.com","277"
,"vsmep5943.uhc.com","131"
,"vsmep5944.uhc.com","79"
,"vsmep5945.uhc.com","9"
,"vsmep5946.uhc.com","127"
,"vsmep5948.uhc.com","324"
,"vsmep5949.uhc.com","79"
,"vsmep5950.uhc.com","9"
,"vsmep5951.uhc.com","324"
,"vsmep6002.uhc.com","71"
,"vsmep6003.uhc.com","71"
,"vsmep6004.uhc.com","71"
,"vsmep6005.uhc.com","71"
,"vsmep6006.uhc.com","71"
,"vsmep6007.uhc.com","71"
,"vsmep6008.uhc.com","71"
,"vsmep6009.uhc.com","71"
,"vsmep6010.uhc.com","171"
,"vsmep6011.uhc.com","70"
,"vsmep6012.uhc.com","70"
,"vsmep6013.uhc.com","70"
,"vsmep6014.uhc.com","70"
,"vsmep6015.uhc.com","70"
,"vsmep6016.uhc.com","4"
,"vsmep6017.uhc.com","69"
,"vsmep6018.uhc.com","69"
,"vsmep6019.uhc.com","49"
,"vsmep6020.uhc.com","26"
,"vsmep6021.uhc.com","26"
,"vsmep6022.uhc.com","26"
,"vsmep6023.uhc.com","71"
,"vsmep6024.uhc.com","71"
,"vsmep6025.uhc.com","780"
,"vsmep6026.uhc.com","455"
,"vsmep6027.uhc.com","487"
,"vsmep6028.uhc.com","270"
,"vsmep6029.uhc.com","127"
,"vsmep6046.uhc.com","15"
,"vsmep6047.uhc.com","15"
,"vsmep6048.uhc.com","15"
,"vsmep6049.uhc.com","15"
,"vsmep6050.uhc.com","15"
,"vsmep6051.uhc.com","15"
,"vsmep6052.uhc.com","15"
,"vsmep6053.uhc.com","15"
,"vsmep6054.uhc.com","15"
,"vsmep6055.uhc.com","15"
,"vsmep6056.uhc.com","15"
,"vsmep6057.uhc.com","15"
,"vsmep6058.uhc.com","15"
,"vsmep6059.uhc.com","15"
,"vsmep6060.uhc.com","15"
,"vsmep6061.uhc.com","15"
,"vsmep6142.uhc.com","73"
,"vsmep6143.uhc.com","73"
,"vsmep6144.uhc.com","73"
,"vsmep6145.uhc.com","72"
,"vsmep6146.uhc.com","72"
,"vsmep6147.uhc.com","72"
,"vsmep6148.uhc.com","72"
,"vsmep6149.uhc.com","72"
,"vsmep6150.uhc.com","72"
,"vsmep6151.uhc.com","72"
,"vsmep6152.uhc.com","72"
,"vsmep6153.uhc.com","72"
,"vsmep6154.uhc.com","72"
,"vsmep6155.uhc.com","72"
,"vsmep6156.uhc.com","71"
,"vsmep6157.uhc.com","71"
,"vsmep6175.uhc.com","516"
,"vsmep6176.uhc.com","516"
,"vsmep6177.uhc.com","275"
,"vsmep6178.uhc.com","516"
,"vsmep6179.uhc.com","516"
,"vsmep6180.uhc.com","516"
,"vsmep6181.uhc.com","516"
,"vsmep6182.uhc.com","516"
,"vsmep6183.uhc.com","516"
,"vsmep6184.uhc.com","516"
,"vsmep6185.uhc.com","516"
,"vsmep6186.uhc.com","516"
,"vsmep6187.uhc.com","516"
,"vsmep6188.uhc.com","516"
,"vsmep6189.uhc.com","516"
,"vsmep6190.uhc.com","516"
,"vsmep6207.uhc.com","71"
,"vsmep6208.uhc.com","71"
,"vsmep6209.uhc.com","71"
,"vsmep6210.uhc.com","71"
,"vsmep6211.uhc.com","71"
,"vsmep6212.uhc.com","71"
,"vsmep6213.uhc.com","71"
,"vsmep6214.uhc.com","71"
,"vsmep6215.uhc.com","71"
,"vsmep6216.uhc.com","70"
,"vsmep6217.uhc.com","70"
,"vsmep6218.uhc.com","70"
,"vsmep6219.uhc.com","70"
,"vsmep6220.uhc.com","70"
,"vsmep6221.uhc.com","70"
,"vsmep6222.uhc.com","70"
,"vsmep6223.uhc.com","2"
,"vsmep6224.uhc.com","2"
,"vsmep6225.uhc.com","219"
,"vsmep6228.uhc.com","102"
,"vsmep6240.uhc.com","79"
,"vsmep6249.uhc.com","170"
,"vsmep6258.uhc.com","73"
,"vsmep6259.uhc.com","73"
,"vsmep6260.uhc.com","73"
,"vsmep6261.uhc.com","72"
,"vsmep6262.uhc.com","72"
,"vsmep6263.uhc.com","72"
,"vsmep6264.uhc.com","72"
,"vsmep6265.uhc.com","72"
,"vsmep6282.uhc.com","581"
,"vsmep6283.uhc.com","573"
,"vsmep6285.uhc.com","2"
,"vsmep6320.uhc.com","54"
,"vsmep6321.uhc.com","87"
,"vsmep6325.uhc.com","47"
,"vsmep6328.uhc.com","474"
,"vsmep6330.uhc.com","439"
,"vsmep6331.uhc.com","12"
,"vsmep6336.uhc.com","81"
,"vsmep6338.uhc.com","431"
,"vsmep6339.uhc.com","404"
,"vsmep6340.uhc.com","391"
,"vsmep6341.uhc.com","385"
,"vsmep6342.uhc.com","131"
,"vsmep6343.uhc.com","273"
,"vsmep6344.uhc.com","269"
,"vsmep6346.uhc.com","65"
,"vsmep6350.uhc.com","5"
,"vsmep6351.uhc.com","123"
,"vsmep6352.uhc.com","123"
,"vsmep6353.uhc.com","36"
,"vsmep6354.uhc.com","147"
,"vsmep6356.uhc.com","73"
,"vsmep6357.uhc.com","84"
,"vsmep6367.uhc.com","76"
,"vsmep6368.uhc.com","75"
,"vsmep6369.uhc.com","53"
,"vsmep6373.uhc.com","18"
,"vsmep6375.uhc.com","33"
,"vsmep6376.uhc.com","33"
,"vsmep6377.uhc.com","34"
,"vsmep6379.uhc.com","33"
,"vsmep6380.uhc.com","12"
,"vsmep6381.uhc.com","11"
,"vsmet0149.uhc.com","19"
,"vsmet0150.uhc.com","19"
,"vsmet0151.uhc.com","19"
,"vsmet0152.uhc.com","19"
