"vCenter","VM","IsoPath","ConnectionState"
"rz001mn011v1mc.uhc.com","apsrp1350",,"NotConnected, GuestControl, StartConnected"
"rz001mn011v2gc.uhc.com","apsep02820",,"NotConnected, GuestControl, StartConnected"
"rz001mn011v2gc.uhc.com","apsep4438","[EMC1624-00036-uci019dc01] apsep4438/_ovfenv-apsep4438.iso","Connected, GuestControl, StartConnected"
"rz001mn011v2gc.uhc.com","apsep4439","[EMC1624-00035-uci019dc01] apsep4439/_ovfenv-apsep4439.iso","Connected, GuestControl, StartConnected"
"rz001mn011v2gc.uhc.com","apsep4440","[EMCe48a-0001e-uci019dc01] apsep4440/_ovfenv-apsep4440.iso","Connected, GuestControl, StartConnected"
"rz001mn011v2gc.uhc.com","apsrd5681","[EMC1624-00005-UCI021DC01] Security_Guardium_Product_Image_V11.1_DVD.iso","NotConnected, GuestControl, StartConnected"
"rz001mn011v2gc.uhc.com","apsrp05935","[EMCe48a-00051-uci201dc01] Security_Guardium_Product_Image_V11.1_DVD_auto.iso","NotConnected, GuestControl, StartConnected"
"rz001mn011v2gc.uhc.com","apsrp06808",,"NotConnected, GuestControl, StartConnected"
"rz001mn011v2gc.uhc.com","apsrp08529",,"NotConnected, GuestControl, StartConnected"
"rz001mn011v2gc.uhc.com","apsrp10055",,"NotConnected, GuestControl, StartConnected"
"rz001mn011v2gc.uhc.com","apsrp10110",,"NotConnected, GuestControl, StartConnected"
"rz001mn011v2gc.uhc.com","apsrp10127",,"NotConnected, GuestControl, StartConnected"
"rz001mn011v2gc.uhc.com","apsrp8428","[EMC1624-00067-uci012dc01] Security_Guardium_Product_Image_V11.1_DVD.iso","NotConnected, GuestControl, StartConnected"
"rz001mn011v2gc.uhc.com","apsrp8430","[EMC1624-00067-uci012dc01] Security_Guardium_Product_Image_V11.1_DVD.iso","Connected, GuestControl, StartConnected"
"rz001mn011v2gc.uhc.com","apsrs5732",,"NotConnected, GuestControl, NoStartConnected"
"rz001mn011v2gc.uhc.com","dbsrp0487","[templates-EMC1624-00008-UCI021DC01] ISO/rhel-server-7.2-x86_64-dvd.iso","Connected, GuestControl, StartConnected"
"rz001mn053v1mc.uhc.com","apsrp1349",,"NotConnected, GuestControl, StartConnected"
"rz001mn053v2gc.uhc.com","apsed2249","[EMCc41c-00031-uci029dc01] apsed2249/_ovfenv-apsed2249.iso","Connected, GuestControl, StartConnected"
"rz001mn053v2gc.uhc.com","apsep05399","[templates-EMCc27c-00074-uci037dc01] iso/SW_DVD9_Win_Svr_STD_Core_and_DataCtr_Core_2016_64Bit_English_-2_MLF_X21-22843.ISO","NotConnected, GuestControl, NoStartConnected"
"rz001mn053v2gc.uhc.com","apsrd00553","[Templates-EMCc41c-00029-uci101dc01] rhel-server-7.4-x86_64-dvd.iso","Connected, GuestControl, StartConnected"
"rz001mn053v2gc.uhc.com","apsrd02228","[EMCc27c-0006f-uci020dc01] apsrd02228/_ovfenv-apsrd02228.iso","Connected, GuestControl, StartConnected"
"rz001mn053v2gc.uhc.com","apsrd02229","[EMCc27c-0003f-uci020dc01] apsrd02229/_ovfenv-apsrd02229.iso","Connected, GuestControl, StartConnected"
"rz001mn053v2gc.uhc.com","apsrd6356","[] /vmimages/tools-isoimages/linux.iso","NotConnected, GuestControl, StartConnected"
"rz001mn053v2gc.uhc.com","apsrp05500","[EMCc41c-00069-uci101dc01] apsrp05500/_ovfenv-apsrp05500.iso","Connected, GuestControl, StartConnected"
"rz001mn053v2gc.uhc.com","apsrp05682","[Templates-EMCc41c-00029-uci101dc01] ISO/backbox-6.09.02.iso","NotConnected, GuestControl, StartConnected"
"rz001mn053v2gc.uhc.com","apsrp05931","[EMCc41c-00001-uci101dc01] Security_Guardium_Product_Image_V11.1_DVD_auto.iso","NotConnected, GuestControl, StartConnected"
"rz001mn053v2gc.uhc.com","apvrt83914","[EMCc41c-00047-uci018dc01] ISO/backbox-6.09.02.iso","NotConnected, GuestControl, StartConnected"
"rz001mn053v2gc.uhc.com","FMN-ELR-DCVM04-8","[templates-EMCc27c-00073-uci020dc01] FMOS/FMOS-8.23.2-1.iso","Connected, GuestControl, StartConnected"
"rz001mn053v2gc.uhc.com","FMN-ELR-DCVM05-8","[templates-EMCc27c-00073-uci020dc01] FMOS/FMOS-8.23.2-1.iso","Connected, GuestControl, StartConnected"
"rz001mn053v2gc.uhc.com","FMN-ELR-DCVM07-8","[templates-EMCc27c-00073-uci020dc01] FMOS/FMOS-8.23.2-1.iso","Connected, GuestControl, StartConnected"
"rz001mn053v2gc.uhc.com","ibxdhcp5","[]","NotConnected, GuestControl, NoStartConnected"
"rz001mn053v2gc.uhc.com","ovard0022",,"NotConnected, GuestControl, StartConnected"
"rz001mn053v2gc.uhc.com","ovard0072","[EMCc41c-0003c-uci018dc01] ovard0072/_ovfenv-ovard0072.iso","Connected, GuestControl, StartConnected"
"rz001mn053v2gc.uhc.com","ovarp0159","[EMCc41c-0007c-uci101dc01] ActiveIQUnifiedManager-9.8-virtual-update.iso","Connected, GuestControl, StartConnected"
"rz001mn053v2gc.uhc.com","ovart0092",,"NotConnected, GuestControl, StartConnected"
"rz002mn011v2gc.uhc.com","apsrd7900","[templates-EMCe940-00022-uci023dc01] ISO/rhel-server-7.3-x86_64-dvd.iso","NotConnected, GuestControl, NoStartConnected"
"rz002mn011v2gc.uhc.com","apsrp10526",,"NotConnected, GuestControl, StartConnected"
"rz002mn011v2gc.uhc.com","apsrp10946","[EMCd74c-00009-rz002mn011v2gc5] apsrp10946/_ovfenv-apsrp10946.iso","Connected, GuestControl, StartConnected"
"rz002mn011v2gc.uhc.com","apsrp4395","[templates-EMCe940-00026-UCIrz002mn011v2gc5] ISO/rhel-server-7.2-x86_64-dvd.iso","Connected, GuestControl, StartConnected"
"rz002mn011v2gc.uhc.com","apsrs4936",,"NotConnected, GuestControl, StartConnected"
"rz002mn011v2gc.uhc.com","apsrs6329","[EMCe940-0000f-rz002mn011v2gc5] apsrs6329/_ovfenv-apsrs6329.iso","Connected, GuestControl, StartConnected"
"rz002mn011v2gc.uhc.com","ibxdhcp10","[EMCe940-0000f-rz002mn011v2gc5] ibxdhcp10/_ovfenv-ibxdhcp10.iso","Connected, GuestControl, StartConnected"
"rz002mn011v2gc.uhc.com","ovard0034.old",,"NotConnected, GuestControl, StartConnected"
"rz002mn011v2gc.uhc.com","ovard0036",,"NotConnected, GuestControl, StartConnected"
"rz002mn011v2gc.uhc.com","ovard0037",,"NotConnected, GuestControl, StartConnected"
"rz002mn011v2gc.uhc.com","ovard0037_old",,"NotConnected, GuestControl, StartConnected"
"rz002mn011v2gc.uhc.com","ovard0065",,"NotConnected, GuestControl, StartConnected"
"rz002mn011v2gc.uhc.com","ovard0066",,"NotConnected, GuestControl, StartConnected"
"rz002mn011v2gc.uhc.com","ovard0067",,"NotConnected, GuestControl, StartConnected"
"rz002mn011v2gc.uhc.com","ovard0074",,"NotConnected, GuestControl, StartConnected"
"rz002mn011v2gc.uhc.com","ovard0075",,"NotConnected, GuestControl, StartConnected"
"rz002mn011v2gc.uhc.com","ovarp0421_old",,"NotConnected, GuestControl, StartConnected"
"rz002mn011v2gc.uhc.com","ovarp0422_old",,"NotConnected, GuestControl, StartConnected"
"rz002mn011v2gc.uhc.com","ovarp0423",,"NotConnected, GuestControl, StartConnected"
"rz002mn011v2gc.uhc.com","ovarp0423_old",,"NotConnected, GuestControl, StartConnected"
"rz002mn011v2gc.uhc.com","OVARP0449",,"NotConnected, GuestControl, StartConnected"
"rz002mn011v2gc.uhc.com","ovarp0449_OLD2",,"NotConnected, GuestControl, StartConnected"
"rz002mn011v2gc.uhc.com","OVARP0451",,"NotConnected, GuestControl, StartConnected"
"rz002mn011v2gc.uhc.com","ovarp0451_OLD2",,"NotConnected, GuestControl, StartConnected"
"rz002mn011v2gc.uhc.com","ovarp0595",,"NotConnected, GuestControl, StartConnected"
"rz002mn011v2gc.uhc.com","ovarp0596",,"NotConnected, GuestControl, StartConnected"
"rz002mn011v2gc.uhc.com","ovart0071",,"NotConnected, GuestControl, StartConnected"
"rz002mn011v2gc.uhc.com","ovart0072",,"NotConnected, GuestControl, StartConnected"
"rz002mn053v2gc.uhc.com","apsed3465",,"NotConnected, GuestControl, StartConnected"
"rz002mn053v2gc.uhc.com","apsrd3833",,"NotConnected, GuestControl, StartConnected"
"rz002mn053v2gc.uhc.com","apsrp02590","[EMCeccc-00055-uci031dc01] Security_Guardium_Product_Image_V11.1_DVD_auto.iso","NotConnected, GuestControl, StartConnected"
"rz002mn053v2gc.uhc.com","apsrp03178","[EMCeccc-00059-rz002mn053v2gc5] apsrp03178/_ovfenv-apsrp03178.iso","Connected, GuestControl, StartConnected"
"rz002mn053v2gc.uhc.com","apsrp10307",,"NotConnected, GuestControl, StartConnected"
"rz002mn053v2gc.uhc.com","apsrp10341",,"NotConnected, GuestControl, StartConnected"
"rz002mn053v2gc.uhc.com","apsrp10475",,"NotConnected, GuestControl, StartConnected"
"rz002mn053v2gc.uhc.com","apsrp2769",,"NotConnected, GuestControl, StartConnected"
"rz002mn053v2gc.uhc.com","apsrp2770",,"NotConnected, GuestControl, StartConnected"
"rz002mn053v2gc.uhc.com","apsrp2771",,"NotConnected, GuestControl, StartConnected"
"rz002mn053v2gc.uhc.com","apsrp2772",,"NotConnected, GuestControl, StartConnected"
"rz002mn053v2gc.uhc.com","apsrp7448","[templates-EMCeccc-00020-uci026dc01] ISO/vxml_installer/aaepInstaller-RH6.5.64-AV08EP7FP1.26Sep14.121643.iso","Connected, GuestControl, StartConnected"
"rz002mn053v2gc.uhc.com","apsrp7449","[templates-EMCeccc-00020-uci026dc01] ISO/vxml_installer/aaepInstaller-RH6.5.64-AV08EP7FP1.26Sep14.121643.iso","Connected, GuestControl, StartConnected"
"rz002mn053v2gc.uhc.com","apsrp7450","[templates-EMCeccc-00020-uci026dc01] ISO/vxml_installer/aaepInstaller-RH6.5.64-AV08EP7FP1.26Sep14.121643.iso","Connected, GuestControl, StartConnected"
"rz002mn053v2gc.uhc.com","apsrp7451",,"NotConnected, GuestControl, StartConnected"
"rz002mn053v2gc.uhc.com","apsrs2168",,"NotConnected, GuestControl, StartConnected"
"rz002mn053v2gc.uhc.com","apsrt1724",,"NotConnected, GuestControl, StartConnected"
"rz002mn053v2gc.uhc.com","apsrt1725",,"NotConnected, GuestControl, StartConnected"
"rz002mn053v2gc.uhc.com","apsrt1726",,"NotConnected, GuestControl, StartConnected"
"rz002mn053v2gc.uhc.com","apsrt1727",,"NotConnected, GuestControl, StartConnected"
"rz002mn053v2gc.uhc.com","apsrt3875",,"NotConnected, GuestControl, StartConnected"
"rz002mn053v2gc.uhc.com","FMN-ELR-ASVM01-8","[uci026dc01_vmsan103] ISO/FMOS-8.23.2-1.iso","Connected, GuestControl, StartConnected"
"rz002mn053v2gc.uhc.com","FMN-ELR-ASVM02-8","[uci026dc01_vmsan103] ISO/FMOS-8.23.2-1.iso","Connected, GuestControl, StartConnected"
"rz002mn053v2gc.uhc.com","FMN-ELR-ASVM03-8","[uci026dc01_vmsan103] ISO/FMOS-8.23.2-1.iso","Connected, GuestControl, StartConnected"
"rz002mn053v2gc.uhc.com","ibxdhcp9","[EMCeccc-00038-rz002mn053v2gc5] ibxdhcp9/_ovfenv-ibxdhcp9.iso","Connected, GuestControl, StartConnected"
"rz002mn053v2gc.uhc.com","ovard0028","[EMCeccc-00042-uci035dc01] ovard0028/_ovfenv-ovard0028.iso","Connected, GuestControl, StartConnected"
"rz002mn053v2gc.uhc.com","OVARD0033","[templates-EMCeccc-00022-uci035dc01] ISO/PSL_PAP-3.2.0.1103-64_x86-64_2.0.0.537.iso","NotConnected, GuestControl, StartConnected"
"rz002mn053v2gc.uhc.com","ovard0035",,"NotConnected, GuestControl, StartConnected"
"rz002mn053v2gc.uhc.com","ovard0035_old",,"NotConnected, GuestControl, StartConnected"
"rz002mn053v2gc.uhc.com","ovard0038",,"NotConnected, GuestControl, StartConnected"
"rz002mn053v2gc.uhc.com","ovard0039",,"NotConnected, GuestControl, StartConnected"
"rz002mn053v2gc.uhc.com","ovard0062",,"NotConnected, GuestControl, StartConnected"
"rz002mn053v2gc.uhc.com","ovard0063",,"NotConnected, GuestControl, StartConnected"
"rz002mn053v2gc.uhc.com","ovard0064",,"NotConnected, GuestControl, StartConnected"
"rz002mn053v2gc.uhc.com","ovard0076",,"NotConnected, GuestControl, StartConnected"
"rz002mn053v2gc.uhc.com","ovard0077",,"NotConnected, GuestControl, StartConnected"
"rz002mn053v2gc.uhc.com","ovarp0406","[EMC8e56-0006c-uci035dc01] iso/ActiveIQUnifiedManager-9.8-virtual-update.iso","Connected, GuestControl, StartConnected"
"rz002mn053v2gc.uhc.com","ovarp0425",,"NotConnected, GuestControl, StartConnected"
"rz002mn053v2gc.uhc.com","ovarp0425_old",,"NotConnected, GuestControl, StartConnected"
"rz002mn053v2gc.uhc.com","ovarp0426",,"NotConnected, GuestControl, StartConnected"
"rz002mn053v2gc.uhc.com","ovarp0426_old",,"NotConnected, GuestControl, StartConnected"
"rz002mn053v2gc.uhc.com","ovarp0450",,"NotConnected, GuestControl, StartConnected"
"rz002mn053v2gc.uhc.com","ovarp0452",,"NotConnected, GuestControl, StartConnected"
"rz002mn053v2gc.uhc.com","ovarp0597",,"NotConnected, GuestControl, StartConnected"
"rz002mn053v2gc.uhc.com","ovart0070",,"NotConnected, GuestControl, StartConnected"
"rz002mn053v2gc.uhc.com","ovart0073",,"NotConnected, GuestControl, StartConnected"
"rz002mn053v2gc.uhc.com","ovart0074",,"NotConnected, GuestControl, StartConnected"
"rz003mn011v2gc.uhc.com","apsrd5682",,"NotConnected, GuestControl, StartConnected"
"rz003mn011v2gc.uhc.com","apsrd6980",,"NotConnected, GuestControl, StartConnected"
"rz003mn011v2gc.uhc.com","apsrp10560",,"NotConnected, GuestControl, StartConnected"
"rz003mn011v2gc.uhc.com","apsrp10577",,"NotConnected, GuestControl, StartConnected"
"rz003mn011v2gc.uhc.com","apsrp6000","[EMCff4e-00042-uci044dc01] Security_Guardium_Product_Image_V11.1_DVD_auto.iso","NotConnected, GuestControl, StartConnected"
"rz003mn011v2gc.uhc.com","apsrs6781","[templates-EMCebc4-00008-rz003mn011v2gc6] ISO/rhel-server-7.6-x86_64-dvd.iso","NotConnected, GuestControl, StartConnected"
"rz003mn011v2gc.uhc.com","CTCTKYS09V","[templates-EMCebc4-00006-rz003mn011v2gc4] 610-013368-001_KeySecure_VMWare_Image_8.8.0.iso","Connected, GuestControl, StartConnected"
"rz003mn011v2gc.uhc.com","ibxdhcp7","[EMCebc4-0001c-rz003mn011v2gc4] ibxdhcp7/_ovfenv-ibxdhcp7.iso","Connected, GuestControl, StartConnected"
"rz003mn011v2gc.uhc.com","isemonmn011","[templates-EMCebc4-00006-rz003mn011v2gc4] pcushin1-ise/ise-2.6.0.156.SPA.x86_64.iso","NotConnected, GuestControl, StartConnected"
"rz003mn011v2gc.uhc.com","isepanmn011","[templates-EMCebc4-00006-rz003mn011v2gc4] pcushin1-ise/ise-2.6.0.156.SPA.x86_64.iso","NotConnected, GuestControl, StartConnected"
"rz003mn011v2gc.uhc.com","isepsnmn011-1","[templates-EMCebc4-00006-rz003mn011v2gc4] pcushin1-ise/ise-2.6.0.156.SPA.x86_64.iso","NotConnected, GuestControl, StartConnected"
"rz003mn011v2gc.uhc.com","isepsnmn011-2","[templates-EMCebc4-00006-rz003mn011v2gc4] pcushin1-ise/ise-2.6.0.156.SPA.x86_64.iso","NotConnected, GuestControl, StartConnected"
"rz003mn011v2gc.uhc.com","ovarp0427",,"NotConnected, GuestControl, StartConnected"
"rz003mn011v2gc.uhc.com","ovarp0453",,"NotConnected, GuestControl, StartConnected"
"rz003mn011v2gc.uhc.com","ovarp0455",,"NotConnected, GuestControl, StartConnected"
"rz003mn011v2gc.uhc.com","ovars0022",,"NotConnected, GuestControl, StartConnected"
"rz003mn011v2gc.uhc.com","ovars0024",,"NotConnected, GuestControl, StartConnected"
"rz003mn011v2gc.uhc.com","ovars0025",,"NotConnected, GuestControl, StartConnected"
"rz003mn011v2gc.uhc.com","ovars0028","[EMCff4e-00008-UCI052DC01] hashi ISO/610-000303-001_KeySecure_VMWare_Image_8.11.iso","Connected, GuestControl, StartConnected"
"rz003mn011v2gc.uhc.com","ovars0044",,"NotConnected, GuestControl, StartConnected"
"rz003mn011v2gc.uhc.com","ovars0045",,"NotConnected, GuestControl, StartConnected"
"rz003mn011v2gc.uhc.com","ovart0069",,"NotConnected, GuestControl, StartConnected"
"rz003mn011v2gc.uhc.com","webep1133",,"NotConnected, GuestControl, StartConnected"
"rz003mn053v2gc.uhc.com","apsed6476",,"NotConnected, GuestControl, StartConnected"
"rz003mn053v2gc.uhc.com","apsrp02591","[EMC0aca-00055-elr0602dc01] Security_Guardium_Product_Image_V11.1_DVD_auto.iso","NotConnected, GuestControl, StartConnected"
"rz003mn053v2gc.uhc.com","apsrp07088",,"NotConnected, GuestControl, StartConnected"
"rz003mn053v2gc.uhc.com","apsrp11224","[EMC0aca-00044-uci043dc01] Security_Guardium_Product_Image_V11.1_DVD_auto.iso","NotConnected, GuestControl, StartConnected"
"rz003mn053v2gc.uhc.com","apsrp8625",,"NotConnected, GuestControl, StartConnected"
"rz003mn053v2gc.uhc.com","apsrt3171",,"NotConnected, GuestControl, StartConnected"
"rz003mn053v2gc.uhc.com","dbsrt0892",,"NotConnected, GuestControl, StartConnected"
"rz003mn053v2gc.uhc.com","ibxdhcp8","[EMCb2a6-00065-rz003mn053v2gc4] ibxdhcp8/_ovfenv-ibxdhcp8.iso","Connected, GuestControl, StartConnected"
"rz003mn053v2gc.uhc.com","isepanmn053","[templates-EMCb2a6-0007c-rz003mn053v2gc4] pcushin1-ise/ise-2.6.0.156.SPA.x86_64.iso","NotConnected, GuestControl, StartConnected"
"rz003mn053v2gc.uhc.com","isepsnmn053-1","[templates-EMCb2a6-0007c-rz003mn053v2gc4] pcushin1-ise/ise-2.6.0.156.SPA.x86_64.iso","NotConnected, GuestControl, StartConnected"
"rz003mn053v2gc.uhc.com","isepsnmn053-2","[templates-EMCb2a6-0007c-rz003mn053v2gc4] pcushin1-ise/ise-2.6.0.156.SPA.x86_64.iso","NotConnected, GuestControl, StartConnected"
"rz003mn053v2gc.uhc.com","ovarp0424",,"NotConnected, GuestControl, StartConnected"
"rz003mn053v2gc.uhc.com","ovarp0424_old",,"NotConnected, GuestControl, StartConnected"
"rz003mn053v2gc.uhc.com","ovarp0438",,"NotConnected, GuestControl, StartConnected"
"rz003mn053v2gc.uhc.com","ovarp0439",,"NotConnected, GuestControl, StartConnected"
"rz003mn053v2gc.uhc.com","ovarp0454",,"NotConnected, GuestControl, StartConnected"
"rz003mn053v2gc.uhc.com","ovarp0456",,"NotConnected, GuestControl, StartConnected"
"rz003mn053v2gc.uhc.com","ovarp0598",,"NotConnected, GuestControl, StartConnected"
"rz003mn053v2gc.uhc.com","ovars0023",,"NotConnected, GuestControl, StartConnected"
"rz003mn053v2gc.uhc.com","ovars0026",,"NotConnected, GuestControl, StartConnected"
"rz003mn053v2gc.uhc.com","ovars0027",,"NotConnected, GuestControl, StartConnected"
"rz003mn053v2gc.uhc.com","ovars0046",,"NotConnected, GuestControl, StartConnected"
"rz003mn053v2gc.uhc.com","ovars0047",,"NotConnected, GuestControl, StartConnected"
"rz004mn011v2gc.uhc.com","apsep06288_old","[EMCe4ec-00016-rz004mn011v2gc2] SW_DVD9_Win_Svr_STD_Core_and_DataCtr_Core_2016_64Bit_English_-2_MLF_X21-22843.ISO","NotConnected, GuestControl, StartConnected"
"rz004mn011v2gc.uhc.com","apsrp09645","[EMC2b1c-00011-rz004mn011v2gc1] Security_Guardium_Product_Image_V11.1_DVD.iso","NotConnected, GuestControl, StartConnected"
"rz004mn011v2gc.uhc.com","apsrp09649","[EMC2b1c-00011-rz004mn011v2gc1] Security_Guardium_Product_Image_V11.1_DVD.iso","NotConnected, GuestControl, StartConnected"
"rz004mn011v2gc.uhc.com","apsrp09652","[EMC2b1c-00011-rz004mn011v2gc1] Security_Guardium_Product_Image_V11.1_DVD.iso","NotConnected, GuestControl, StartConnected"
"rz004mn011v2gc.uhc.com","apsrp09658","[EMC2b1c-00011-rz004mn011v2gc1] Security_Guardium_Product_Image_V11.1_DVD.iso","NotConnected, GuestControl, StartConnected"
"rz004mn011v2gc.uhc.com","apsrp09675","[EMC2b1c-00011-rz004mn011v2gc1] Security_Guardium_Product_Image_V11.1_DVD.iso","NotConnected, GuestControl, StartConnected"
"rz004mn011v2gc.uhc.com","apvrd79752","[Templates-EMC2b1c-00004-rz004mn011v2gc2] ISO/optum-rhel-server-7.2-x86_64-dvd.iso","Connected, GuestControl, StartConnected"
"rz004mn011v2gc.uhc.com","ovarp0375","[EMCe4ec-0001c-rz004mn011v2gc1] SRMCHGTMP/SLEDVD12.iso","Connected, GuestControl, StartConnected"
"rz004mn011v2gc.uhc.com","ovarp0376","[EMCe4ec-0001c-rz004mn011v2gc1] SRMCHGTMP/SLEDVD12.iso","Connected, GuestControl, StartConnected"
"rz004mn011v2gc.uhc.com","ovarp0379","[EMCe4ec-0001c-rz004mn011v2gc1] SRMCHGTMP/SLEDVD12.iso","Connected, GuestControl, StartConnected"
"rz004mn011v2gc.uhc.com","ovarp0380","[EMCe4ec-0001c-rz004mn011v2gc1] SRMCHGTMP/SLEDVD12.iso","Connected, GuestControl, StartConnected"
"rz004mn011v2gc.uhc.com","ovarp0381","[EMCe4ec-0001c-rz004mn011v2gc1] SRMCHGTMP/SLEDVD12.iso","Connected, GuestControl, StartConnected"
"rz004mn011v2gc.uhc.com","ovarp0382","[EMCe4ec-0001c-rz004mn011v2gc1] SRMCHGTMP/SLEDVD12.iso","Connected, GuestControl, StartConnected"
"rz004mn053v2gc.uhc.com","apsrp08128",,"NotConnected, GuestControl, StartConnected"
"rz004mn053v2gc.uhc.com","APSRP09916",,"NotConnected, GuestControl, StartConnected"
"rz004mn053v2gc.uhc.com","ovarp0377","[EMCf6c8-0001b-rz004mn053v2gc1] ovarp0377/_ovfenv-ovarp0377.iso","Connected, GuestControl, StartConnected"
"rz004mn053v2gc.uhc.com","ovarp0378","[EMCf6c8-0001b-rz004mn053v2gc1] ovarp0378/_ovfenv-ovarp0378.iso","Connected, GuestControl, StartConnected"
"rz004mn053v2gc.uhc.com","ovarp0383","[EMCf6c8-0001b-rz004mn053v2gc1] FrontEnd/_ovfenv-FrontEnd.iso","Connected, GuestControl, StartConnected"
"rz004mn053v2gc.uhc.com","ovarp0384","[EMCf6c8-0001b-rz004mn053v2gc1] PrimaryBackEnd/_ovfenv-PrimaryBackEnd.iso","Connected, GuestControl, StartConnected"
"rz004mn053v2gc.uhc.com","ovarp0385","[EMCf6c8-0001b-rz004mn053v2gc1] AdditionalBackEnd/_ovfenv-AdditionalBackEnd.iso","Connected, GuestControl, StartConnected"
"rz004mn053v2gc.uhc.com","ovarp0386","[EMCf6c8-0001b-rz004mn053v2gc1] Collector/_ovfenv-Collector.iso","Connected, GuestControl, StartConnected"
